timestamp_utc,pm1_0,pm2_5,pm10,aqi_api,aqi_sensor
2026-02-24T16:04:04Z,46,65,66,62,156
2026-02-24T16:09:04Z,47,66,71,62,156
2026-02-24T16:14:05Z,43,61,62,62,154
2026-02-24T16:19:05Z,47,66,68,62,156
2026-02-24T16:24:06Z,44,62,64,62,154
2026-02-24T16:29:06Z,47,69,72,62,158
2026-02-24T16:34:07Z,49,68,69,62,157
2026-02-24T16:39:07Z,49,67,71,62,157
2026-02-24T16:44:08Z,51,70,71,62,158
2026-02-24T16:49:09Z,47,65,68,62,156
2026-02-24T16:54:09Z,48,66,69,62,156
2026-02-24T16:59:10Z,50,72,75,62,160
2026-02-24T17:04:10Z,48,66,67,62,156
2026-02-24T17:09:11Z,47,68,70,62,157
2026-02-24T17:14:11Z,48,69,71,62,158
2026-02-24T17:19:12Z,50,73,75,62,160
2026-02-24T17:24:12Z,43,62,63,62,154
2026-02-24T17:29:13Z,40,58,59,62,152
2026-02-24T17:34:13Z,36,51,55,62,139
2026-02-24T17:39:15Z,38,54,56,62,147
2026-02-24T17:44:15Z,45,59,60,62,153
2026-02-24T17:49:16Z,38,53,55,62,144
2026-02-24T17:54:16Z,41,58,60,62,152
2026-02-24T17:59:17Z,47,66,68,62,156
2026-02-24T18:04:17Z,53,73,73,62,160
2026-02-24T18:09:18Z,50,67,70,62,157
2026-02-24T18:14:18Z,52,76,78,62,162
2026-02-24T18:19:19Z,46,63,64,62,155
2026-02-24T18:24:19Z,45,63,65,62,155
2026-02-24T18:29:20Z,49,67,70,62,157
2026-02-24T18:34:20Z,49,68,70,62,157
2026-02-24T18:39:21Z,49,69,73,61,158
2026-02-24T18:44:21Z,56,78,80,61,163
2026-02-24T18:49:22Z,47,71,73,61,159
2026-02-24T18:54:22Z,46,66,70,61,156
2026-02-24T18:59:23Z,38,53,57,61,144
2026-02-24T19:04:23Z,31,45,46,61,124
2026-02-24T19:09:24Z,27,34,37,61,97
2026-02-24T19:14:24Z,32,45,46,61,124
2026-02-24T19:19:25Z,34,51,51,61,139
2026-02-24T19:24:26Z,36,50,53,61,137
2026-02-24T19:29:26Z,34,47,48,61,129
2026-02-24T19:34:27Z,29,42,43,61,117
2026-02-24T19:39:27Z,24,35,37,61,99
2026-02-24T19:44:28Z,24,35,36,61,99
2026-02-24T19:49:29Z,27,36,37,61,102
2026-02-24T19:54:29Z,27,38,38,61,107
2026-02-24T19:59:30Z,25,34,35,61,97
2026-02-24T20:04:30Z,23,32,33,61,93
2026-02-24T20:09:31Z,25,34,35,61,97
2026-02-24T20:14:31Z,23,30,31,61,89
2026-02-24T20:19:32Z,20,25,25,61,78
2026-02-24T20:24:33Z,22,29,30,61,87
2026-02-24T20:29:33Z,21,29,30,61,87
2026-02-24T20:34:34Z,22,28,31,61,84
2026-02-24T20:39:34Z,21,28,28,61,84
2026-02-24T20:44:35Z,16,24,26,61,76
2026-02-24T20:49:36Z,17,24,24,61,76
2026-02-24T20:54:36Z,20,27,27,61,82
2026-02-24T20:59:37Z,17,23,24,61,74
2026-02-24T21:04:37Z,17,23,23,61,74
2026-02-24T21:09:38Z,11,20,23,61,68
2026-02-24T21:14:38Z,11,21,22,61,70
2026-02-24T21:19:39Z,14,23,24,61,74
2026-02-24T21:24:39Z,14,22,23,61,72
2026-02-24T21:29:40Z,16,25,25,61,78
2026-02-24T21:34:41Z,15,23,24,61,74
2026-02-24T21:39:42Z,20,25,27,64,78
2026-02-24T21:44:42Z,20,25,29,64,78
2026-02-24T21:49:43Z,22,28,29,64,84
2026-02-24T21:54:43Z,22,28,29,64,84
2026-02-24T21:59:44Z,20,27,28,64,82
2026-02-24T22:04:45Z,22,30,31,64,89
2026-02-24T22:09:45Z,23,31,32,64,91
2026-02-24T22:14:46Z,23,32,33,64,93
2026-02-24T22:19:46Z,22,29,30,64,87
2026-02-24T22:24:47Z,22,30,31,64,89
2026-02-24T22:29:47Z,23,30,32,64,89
2026-02-24T22:34:48Z,21,28,29,64,84
2026-02-24T22:39:48Z,23,31,32,64,91
2026-02-24T22:44:49Z,22,28,31,64,84
2026-02-24T22:49:49Z,22,28,29,64,84
2026-02-24T22:54:50Z,22,29,31,64,87
2026-02-24T22:59:51Z,23,31,34,64,91
2026-02-24T23:04:51Z,23,31,34,64,91
2026-02-24T23:09:52Z,23,35,35,64,99
2026-02-24T23:14:52Z,25,36,37,64,102
2026-02-24T23:19:53Z,29,39,42,64,110
2026-02-24T23:24:53Z,31,43,45,64,119
2026-02-24T23:29:54Z,32,43,45,64,119
2026-02-24T23:34:54Z,32,46,48,,127
2026-02-24T23:40:04Z,34,45,47,64,124
2026-02-24T23:45:05Z,35,50,51,64,137
2026-02-24T23:50:05Z,33,44,47,64,122
2026-02-24T23:55:06Z,33,50,50,64,137
2026-02-25T00:00:06Z,34,50,53,64,137
2026-02-25T00:05:07Z,36,51,53,64,139
2026-02-25T00:10:07Z,37,51,54,64,139
2026-02-25T00:15:08Z,40,56,58,64,151
2026-02-25T00:20:08Z,45,63,65,64,155
2026-02-25T00:25:09Z,51,71,73,64,159
2026-02-25T00:30:09Z,67,91,93,64,169
2026-02-25T00:35:10Z,68,96,100,64,172
2026-02-25T00:40:11Z,61,82,86,68,165
2026-02-25T00:45:11Z,57,83,86,68,165
2026-02-25T00:50:12Z,58,79,81,68,163
2026-02-25T00:55:12Z,50,70,76,68,158
2026-02-25T01:00:13Z,52,75,77,68,161
2026-02-25T01:05:13Z,51,74,75,68,161
2026-02-25T01:10:14Z,54,78,80,68,163
2026-02-25T01:15:14Z,53,75,77,68,161
2026-02-25T01:20:15Z,51,70,73,68,158
2026-02-25T01:25:15Z,36,54,56,68,147
2026-02-25T01:30:16Z,28,44,45,68,122
2026-02-25T01:35:16Z,27,39,39,68,110
2026-02-25T01:40:19Z,25,34,35,68,97
2026-02-25T01:45:20Z,26,36,36,68,102
2026-02-25T01:50:20Z,24,34,35,68,97
2026-02-25T01:55:21Z,24,34,34,68,97
2026-02-25T02:00:21Z,23,33,34,68,95
2026-02-25T02:05:22Z,23,33,33,68,95
2026-02-25T02:10:22Z,23,32,32,68,93
2026-02-25T02:15:23Z,22,32,32,68,93
2026-02-25T02:20:23Z,23,32,32,68,93
2026-02-25T02:25:24Z,22,32,32,68,93
2026-02-25T02:30:24Z,22,32,33,68,93
2026-02-25T02:35:25Z,23,30,31,68,89
2026-02-25T02:40:26Z,23,31,32,68,91
2026-02-25T02:45:26Z,21,30,31,68,89
2026-02-25T02:50:27Z,22,28,31,68,84
2026-02-25T02:55:27Z,21,29,30,68,87
2026-02-25T03:00:28Z,22,31,31,68,91
2026-02-25T03:05:28Z,25,36,36,68,102
2026-02-25T03:10:29Z,27,35,38,68,99
2026-02-25T03:15:29Z,27,40,41,68,112
2026-02-25T03:20:30Z,29,39,41,68,110
2026-02-25T03:25:31Z,28,39,39,68,110
2026-02-25T03:30:31Z,27,38,40,68,107
2026-02-25T03:35:32Z,28,39,40,68,110
2026-02-25T03:40:32Z,28,38,39,64,107
2026-02-25T03:45:33Z,27,39,39,64,110
2026-02-25T03:50:33Z,26,39,40,64,110
2026-02-25T03:55:34Z,28,39,40,64,110
2026-02-25T04:00:35Z,28,39,40,64,110
2026-02-25T04:05:35Z,25,37,38,64,105
2026-02-25T04:10:36Z,28,37,39,64,105
2026-02-25T04:15:36Z,29,38,38,64,107
2026-02-25T04:20:37Z,26,36,38,64,102
2026-02-25T04:25:37Z,27,38,38,64,107
2026-02-25T04:30:38Z,26,36,36,64,102
2026-02-25T04:35:38Z,26,36,36,64,102
2026-02-25T04:40:39Z,27,38,38,64,107
2026-02-25T04:45:39Z,25,37,37,64,105
2026-02-25T04:50:40Z,27,39,39,64,110
2026-02-25T04:55:41Z,27,36,38,64,102
2026-02-25T05:00:41Z,28,38,39,64,107
2026-02-25T05:05:42Z,27,38,39,64,107
2026-02-25T05:10:42Z,28,34,36,64,97
2026-02-25T05:15:43Z,28,36,38,64,102
2026-02-25T05:20:43Z,27,37,38,64,105
2026-02-25T05:25:44Z,25,36,40,64,102
2026-02-25T05:30:45Z,25,38,38,64,107
2026-02-25T05:35:45Z,27,37,40,64,105
2026-02-25T05:40:46Z,27,37,38,64,105
2026-02-25T05:45:46Z,25,36,38,64,102
2026-02-25T05:50:47Z,27,38,42,64,107
2026-02-25T05:55:47Z,27,38,39,64,107
2026-02-25T06:00:48Z,27,36,40,64,102
2026-02-25T06:05:48Z,27,37,40,64,105
2026-02-25T06:10:49Z,28,37,38,64,105
2026-02-25T06:15:50Z,27,39,40,64,110
2026-02-25T06:20:50Z,28,39,39,64,110
2026-02-25T06:25:51Z,25,38,41,,107
2026-02-25T06:31:01Z,29,38,39,64,107
2026-02-25T06:36:01Z,29,39,41,64,110
2026-02-25T06:41:02Z,28,37,39,64,105
2026-02-25T06:46:02Z,29,37,39,64,105
2026-02-25T06:51:03Z,25,36,37,64,102
2026-02-25T06:56:03Z,25,37,39,64,105
2026-02-25T07:01:04Z,28,39,40,64,110
2026-02-25T07:06:04Z,29,37,40,,105
2026-02-25T07:11:14Z,29,38,40,64,107
2026-02-25T07:16:15Z,28,40,42,64,112
2026-02-25T07:21:15Z,25,41,42,64,115
2026-02-25T07:26:16Z,28,38,40,64,107
2026-02-25T07:31:17Z,27,37,40,64,105
2026-02-25T07:36:18Z,27,39,39,64,110
2026-02-25T07:41:18Z,29,38,38,,107
2026-02-25T07:46:28Z,25,40,40,64,112
2026-02-25T07:51:29Z,28,39,41,64,110
2026-02-25T07:56:29Z,29,39,40,64,110
2026-02-25T08:01:30Z,28,39,42,64,110
2026-02-25T08:06:30Z,29,37,38,64,105
2026-02-25T08:11:31Z,27,38,40,64,107
2026-02-25T08:16:31Z,28,39,40,64,110
2026-02-25T08:21:32Z,28,37,37,64,105
2026-02-25T08:26:32Z,27,38,38,64,107
2026-02-25T08:31:33Z,29,41,43,64,115
2026-02-25T08:36:34Z,29,38,39,64,107
2026-02-25T08:41:34Z,28,38,41,64,107
2026-02-25T08:46:35Z,29,39,39,64,110
2026-02-25T08:51:35Z,29,40,41,64,112
2026-02-25T08:56:36Z,28,39,40,64,110
2026-02-25T09:01:36Z,30,39,40,64,110
2026-02-25T09:06:37Z,30,44,44,64,122
2026-02-25T09:11:37Z,29,39,40,64,110
2026-02-25T09:16:38Z,31,42,44,64,117
2026-02-25T09:21:38Z,28,41,42,64,115
2026-02-25T09:26:39Z,27,38,42,64,107
2026-02-25T09:31:39Z,29,42,42,64,117
2026-02-25T09:36:40Z,29,40,40,64,112
2026-02-25T09:41:41Z,28,39,42,61,110
2026-02-25T09:46:41Z,29,40,40,61,112
2026-02-25T09:51:42Z,29,41,42,61,115
2026-02-25T09:56:42Z,27,39,40,61,110
2026-02-25T10:01:43Z,29,38,39,61,107
2026-02-25T10:06:44Z,28,41,41,61,115
2026-02-25T10:11:45Z,28,40,41,61,112
2026-02-25T10:16:45Z,28,39,41,61,110
2026-02-25T10:21:47Z,27,39,40,61,110
2026-02-25T10:26:47Z,29,41,43,61,115
2026-02-25T10:31:48Z,27,38,38,61,107
2026-02-25T10:36:49Z,28,38,41,61,107
2026-02-25T10:41:49Z,28,39,42,61,110
2026-02-25T10:46:50Z,28,37,38,61,105
2026-02-25T10:51:51Z,28,37,39,61,105
2026-02-25T10:56:51Z,25,37,37,61,105
2026-02-25T11:01:52Z,28,39,39,61,110
2026-02-25T11:06:53Z,28,34,37,61,97
2026-02-25T11:11:53Z,25,38,39,61,107
2026-02-25T11:16:54Z,28,35,37,61,99
2026-02-25T11:21:54Z,24,35,38,61,99
2026-02-25T11:26:55Z,25,37,37,61,105
2026-02-25T11:31:56Z,27,37,38,61,105
2026-02-25T11:36:56Z,25,37,38,61,105
2026-02-25T11:41:57Z,27,34,34,61,97
2026-02-25T11:46:57Z,25,35,35,61,99
2026-02-25T11:51:58Z,25,37,37,61,105
2026-02-25T11:56:58Z,23,33,37,61,95
2026-02-25T12:01:59Z,24,34,35,61,97
2026-02-25T12:07:00Z,23,33,34,61,95
2026-02-25T12:12:00Z,23,35,37,61,99
2026-02-25T12:17:01Z,25,34,35,61,97
2026-02-25T12:22:02Z,24,33,34,61,95
2026-02-25T12:27:02Z,24,31,33,61,91
2026-02-25T12:32:03Z,24,33,34,61,95
2026-02-25T12:37:03Z,24,33,35,61,95
2026-02-25T12:42:05Z,23,33,33,61,95
2026-02-25T12:47:05Z,23,33,33,61,95
2026-02-25T12:52:06Z,23,33,33,61,95
2026-02-25T12:57:06Z,23,31,32,61,91
2026-02-25T13:02:07Z,22,33,33,61,95
2026-02-25T13:07:07Z,23,32,33,61,93
2026-02-25T13:12:10Z,23,33,34,61,95
2026-02-25T13:17:10Z,23,33,33,61,95
2026-02-25T13:22:11Z,23,35,37,61,99
2026-02-25T13:27:11Z,24,31,31,61,91
2026-02-25T13:32:12Z,23,32,32,61,93
2026-02-25T13:37:12Z,23,33,33,61,95
2026-02-25T13:42:13Z,23,31,33,61,91
2026-02-25T13:47:13Z,22,32,33,61,93
2026-02-25T13:52:16Z,22,31,33,61,91
2026-02-25T13:57:17Z,22,32,33,61,93
2026-02-25T14:02:18Z,22,33,33,61,95
2026-02-25T14:07:18Z,22,32,35,61,93
2026-02-25T14:12:19Z,23,31,34,61,91
2026-02-25T14:17:19Z,23,33,34,61,95
2026-02-25T14:22:20Z,23,34,35,61,97
2026-02-25T14:27:20Z,23,34,34,61,97
2026-02-25T14:32:21Z,25,34,35,61,97
2026-02-25T14:37:22Z,24,37,37,61,105
2026-02-25T14:42:22Z,29,40,42,61,112
2026-02-25T14:47:23Z,27,40,40,61,112
2026-02-25T14:52:23Z,29,42,43,61,117
2026-02-25T14:57:24Z,33,45,46,61,124
2026-02-25T15:02:24Z,35,51,52,61,139
2026-02-25T15:07:25Z,34,48,50,61,132
2026-02-25T15:12:25Z,31,45,45,61,124
2026-02-25T15:17:26Z,35,55,55,61,149
2026-02-25T15:22:26Z,34,50,51,61,137
2026-02-25T15:27:27Z,35,50,54,61,137
2026-02-25T15:32:27Z,35,50,55,61,137
2026-02-25T15:37:28Z,35,53,55,61,144
2026-02-25T15:42:29Z,39,55,56,65,149
2026-02-25T15:47:29Z,45,65,65,65,156
2026-02-25T15:52:30Z,39,54,56,65,147
2026-02-25T15:57:30Z,45,65,67,65,156
2026-02-25T16:02:31Z,44,63,64,65,155
2026-02-25T16:07:31Z,39,58,58,65,152
2026-02-25T16:12:32Z,42,59,63,65,153
2026-02-25T16:17:32Z,44,63,65,65,155
2026-02-25T16:22:33Z,44,59,62,65,153
2026-02-25T16:27:33Z,43,64,65,65,155
2026-02-25T16:32:34Z,40,53,55,65,144
2026-02-25T16:37:34Z,39,56,58,65,151
2026-02-25T16:42:35Z,34,49,50,65,134
2026-02-25T16:47:35Z,40,56,62,65,151
2026-02-25T16:52:36Z,33,47,49,65,129
2026-02-25T16:57:37Z,40,56,56,65,151
2026-02-25T17:02:37Z,41,57,58,65,152
2026-02-25T17:07:38Z,39,57,57,65,152
2026-02-25T17:12:39Z,33,47,51,65,129
2026-02-25T17:17:39Z,35,52,54,65,142
2026-02-25T17:22:40Z,37,53,54,65,144
2026-02-25T17:27:41Z,35,50,53,65,137
2026-02-25T17:32:41Z,38,56,60,65,151
2026-02-25T17:37:42Z,38,55,56,65,149
2026-02-25T17:42:42Z,40,56,61,65,151
2026-02-25T17:47:43Z,34,53,54,65,144
2026-02-25T17:52:43Z,43,62,65,65,154
2026-02-25T17:57:44Z,37,54,55,65,147
2026-02-25T18:02:44Z,40,55,56,65,149
2026-02-25T18:07:45Z,43,62,64,65,154
2026-02-25T18:12:45Z,44,64,65,65,155
2026-02-25T18:17:46Z,38,55,57,65,149
2026-02-25T18:22:46Z,33,45,47,65,124
2026-02-25T18:27:47Z,34,52,56,65,142
2026-02-25T18:32:47Z,44,62,65,65,154
2026-02-25T18:37:48Z,41,60,65,64,153
2026-02-25T18:42:49Z,43,59,63,64,153
2026-02-25T18:47:49Z,43,65,67,64,156
2026-02-25T18:52:50Z,43,62,65,64,154
2026-02-25T18:57:50Z,45,62,65,64,154
2026-02-25T19:02:51Z,46,67,71,64,157
2026-02-25T19:07:51Z,46,67,69,64,157
2026-02-25T19:12:52Z,49,71,73,64,159
2026-02-25T19:17:52Z,49,73,74,64,160
2026-02-25T19:22:53Z,53,76,80,64,162
2026-02-25T19:27:54Z,53,77,78,64,162
2026-02-25T19:32:54Z,55,78,81,64,163
2026-02-25T19:37:55Z,56,79,80,64,163
2026-02-25T19:42:55Z,51,77,81,64,162
2026-02-25T19:47:56Z,53,77,79,64,162
2026-02-25T19:52:56Z,53,75,76,64,161
2026-02-25T19:57:57Z,52,77,79,64,162
2026-02-25T20:02:58Z,51,75,77,64,161
2026-02-25T20:07:58Z,49,72,74,64,160
2026-02-25T20:12:59Z,49,70,73,64,158
2026-02-25T20:18:00Z,50,72,73,64,160
2026-02-25T20:23:01Z,51,72,76,64,160
2026-02-25T20:28:01Z,48,70,73,64,158
2026-02-25T20:33:02Z,52,73,74,64,160
2026-02-25T20:38:02Z,51,74,74,64,161
2026-02-25T20:43:03Z,50,73,77,64,160
2026-02-25T20:48:03Z,47,70,74,64,158
2026-02-25T20:53:04Z,46,70,71,64,158
2026-02-25T20:58:04Z,45,66,67,64,156
2026-02-25T21:03:05Z,45,66,67,64,156
2026-02-25T21:08:05Z,44,63,65,64,155
2026-02-25T21:13:06Z,44,60,62,64,153
2026-02-25T21:18:07Z,43,59,60,64,153
2026-02-25T21:23:07Z,42,60,62,64,153
2026-02-25T21:28:08Z,41,57,59,64,152
2026-02-25T21:33:08Z,39,55,57,64,149
2026-02-25T21:38:09Z,40,56,56,64,151
2026-02-25T21:43:09Z,40,55,56,68,149
2026-02-25T21:48:10Z,39,54,56,68,147
2026-02-25T21:53:10Z,39,53,55,68,144
2026-02-25T21:58:11Z,34,52,53,68,142
2026-02-25T22:03:12Z,33,48,50,68,132
2026-02-25T22:08:12Z,34,48,52,68,132
2026-02-25T22:13:13Z,34,47,48,68,129
2026-02-25T22:18:13Z,33,46,49,68,127
2026-02-25T22:23:14Z,34,50,51,68,137
2026-02-25T22:28:14Z,34,46,48,68,127
2026-02-25T22:33:15Z,33,45,45,68,124
2026-02-25T22:38:16Z,33,44,45,68,122
2026-02-25T22:43:16Z,32,44,47,68,122
2026-02-25T22:48:17Z,31,45,45,68,124
2026-02-25T22:53:17Z,32,45,47,68,124
2026-02-25T22:58:18Z,31,45,45,68,124
2026-02-25T23:03:18Z,33,44,46,68,122
2026-02-25T23:08:19Z,32,45,45,68,124
2026-02-25T23:13:20Z,30,45,45,68,124
2026-02-25T23:18:20Z,31,43,43,68,119
2026-02-25T23:23:21Z,32,45,45,68,124
2026-02-25T23:28:21Z,30,44,45,68,122
2026-02-25T23:33:22Z,31,45,48,68,124
2026-02-25T23:38:22Z,31,45,45,68,124
2026-02-25T23:43:23Z,30,44,44,68,122
2026-02-25T23:48:23Z,30,42,45,68,117
2026-02-25T23:53:24Z,30,44,45,68,122
2026-02-25T23:58:25Z,31,45,47,68,124
2026-02-26T00:03:25Z,31,44,45,68,122
2026-02-26T00:08:26Z,32,45,47,68,124
2026-02-26T00:13:26Z,32,45,45,68,124
2026-02-26T00:18:27Z,32,46,46,68,127
2026-02-26T00:23:27Z,31,46,46,68,127
2026-02-26T00:28:28Z,34,45,45,68,124
2026-02-26T00:33:28Z,32,44,45,68,122
2026-02-26T00:38:29Z,33,45,46,68,124
2026-02-26T00:43:29Z,33,48,50,75,132
2026-02-26T00:48:30Z,34,48,50,75,132
2026-02-26T00:53:31Z,37,55,56,75,149
2026-02-26T00:58:31Z,43,60,63,75,153
2026-02-26T01:03:32Z,42,60,62,75,153
2026-02-26T01:08:32Z,41,61,63,75,154
2026-02-26T01:13:33Z,45,64,65,75,155
2026-02-26T01:18:33Z,48,69,71,75,158
2026-02-26T01:23:34Z,55,75,79,75,161
2026-02-26T01:28:35Z,59,83,86,75,165
2026-02-26T01:33:35Z,61,85,86,75,166
2026-02-26T01:38:36Z,61,86,87,75,167
2026-02-26T01:43:36Z,59,85,87,75,166
2026-02-26T01:48:37Z,58,84,86,75,166
2026-02-26T01:53:37Z,65,94,98,75,171
2026-02-26T01:58:38Z,69,99,102,75,173
2026-02-26T02:03:38Z,90,141,148,75,195
2026-02-26T02:08:39Z,95,152,159,75,202
2026-02-26T02:13:40Z,91,143,149,75,196
2026-02-26T02:18:41Z,85,128,133,75,188
2026-02-26T02:23:41Z,74,107,113,75,178
2026-02-26T02:48:45Z,76,118,124,75,183
2026-02-26T02:53:46Z,61,91,94,75,169
2026-02-26T02:58:46Z,58,87,89,75,167
2026-02-26T03:03:47Z,40,60,62,75,153
2026-02-26T03:08:48Z,38,55,58,75,149
2026-02-26T03:13:48Z,42,63,66,75,155
2026-02-26T03:18:49Z,52,78,84,75,163
2026-02-26T03:23:49Z,57,87,90,75,167
2026-02-26T03:28:50Z,56,82,85,75,165
2026-02-26T03:33:50Z,54,83,87,75,165
2026-02-26T03:38:51Z,46,66,69,67,156
2026-02-26T03:43:51Z,41,59,59,67,153
2026-02-26T03:48:52Z,38,59,59,67,153
2026-02-26T03:53:52Z,35,54,57,67,147
2026-02-26T03:58:53Z,34,53,55,67,144
2026-02-26T04:03:53Z,45,64,67,67,155
2026-02-26T04:08:54Z,47,69,73,67,158
2026-02-26T04:13:55Z,42,62,64,67,154
2026-02-26T04:18:55Z,44,66,67,67,156
2026-02-26T04:23:56Z,42,58,63,67,152
2026-02-26T04:28:56Z,40,57,61,67,152
2026-02-26T04:33:57Z,35,57,59,67,152
2026-02-26T04:38:58Z,38,56,57,67,151
2026-02-26T04:43:59Z,39,54,55,67,147
2026-02-26T04:49:00Z,36,54,56,67,147
2026-02-26T04:54:00Z,36,52,55,67,142
2026-02-26T04:59:01Z,35,53,53,67,144
2026-02-26T05:04:01Z,38,53,53,67,144
2026-02-26T05:09:02Z,39,53,56,67,144
2026-02-26T05:14:03Z,39,53,56,67,144
2026-02-26T05:19:03Z,40,57,57,67,152
2026-02-26T05:24:04Z,41,56,57,67,151
2026-02-26T05:29:04Z,40,56,58,67,151
2026-02-26T05:34:05Z,40,57,57,67,152
2026-02-26T05:39:06Z,36,52,52,,142
2026-02-26T05:44:16Z,36,51,52,,139
2026-02-26T05:49:26Z,36,50,54,67,137
2026-02-26T05:54:27Z,38,51,52,67,139
2026-02-26T05:59:27Z,38,54,56,67,147
2026-02-26T06:04:28Z,38,54,56,67,147
2026-02-26T06:09:28Z,40,57,61,67,152
2026-02-26T06:14:29Z,40,60,61,67,153
2026-02-26T06:19:30Z,45,67,69,67,157
2026-02-26T06:24:30Z,46,72,73,67,160
2026-02-26T06:29:31Z,52,73,76,67,160
2026-02-26T06:34:31Z,49,68,75,67,157
2026-02-26T06:39:32Z,46,66,68,66,156
2026-02-26T06:44:32Z,47,69,72,66,158
2026-02-26T06:49:33Z,48,69,72,66,158
2026-02-26T06:54:33Z,49,69,71,66,158
2026-02-26T06:59:34Z,49,71,73,66,159
2026-02-26T07:04:35Z,48,72,74,66,160
2026-02-26T07:09:35Z,51,76,78,66,162
2026-02-26T07:14:36Z,51,72,75,66,160
2026-02-26T07:19:36Z,54,76,77,66,162
2026-02-26T07:24:37Z,56,81,86,66,164
2026-02-26T07:29:38Z,56,82,83,66,165
2026-02-26T07:34:38Z,56,83,85,66,165
2026-02-26T07:39:39Z,55,77,80,66,162
2026-02-26T07:44:39Z,48,72,73,66,160
2026-02-26T07:49:41Z,50,72,74,66,160
2026-02-26T07:54:41Z,51,74,75,66,161
2026-02-26T07:59:42Z,50,71,75,66,159
2026-02-26T08:04:43Z,48,68,72,66,157
2026-02-26T08:09:43Z,46,66,67,66,156
2026-02-26T08:14:44Z,42,59,62,66,153
2026-02-26T08:19:44Z,41,60,61,66,153
2026-02-26T08:24:45Z,41,58,60,66,152
2026-02-26T08:29:45Z,40,57,60,66,152
2026-02-26T08:34:46Z,41,58,59,66,152
2026-02-26T08:39:47Z,40,56,58,66,151
2026-02-26T08:44:47Z,43,59,60,66,153
2026-02-26T08:49:48Z,41,59,61,66,153
2026-02-26T08:54:48Z,39,57,59,66,152
2026-02-26T08:59:49Z,41,58,60,66,152
2026-02-26T09:04:49Z,40,57,59,66,152
2026-02-26T09:09:50Z,38,55,55,66,149
2026-02-26T09:14:50Z,40,57,61,66,152
2026-02-26T09:19:51Z,46,68,70,66,157
2026-02-26T09:24:52Z,45,66,68,66,156
2026-02-26T09:29:52Z,46,66,68,66,156
2026-02-26T09:34:53Z,48,71,72,66,159
2026-02-26T09:39:53Z,47,68,69,61,157
2026-02-26T09:44:54Z,50,70,73,61,158
2026-02-26T09:49:55Z,51,71,74,61,159
2026-02-26T09:54:55Z,50,72,75,61,160
2026-02-26T09:59:56Z,48,66,68,61,156
2026-02-26T10:04:56Z,46,70,71,61,158
2026-02-26T10:09:57Z,48,68,72,61,157
2026-02-26T10:14:57Z,48,72,74,61,160
2026-02-26T10:19:58Z,47,68,72,61,157
2026-02-26T10:24:58Z,49,68,72,61,157
2026-02-26T10:29:59Z,50,70,70,61,158
2026-02-26T10:34:59Z,51,71,72,61,159
2026-02-26T10:40:00Z,50,73,74,61,160
2026-02-26T10:45:01Z,53,76,77,61,162
2026-02-26T10:50:01Z,54,78,79,61,163
2026-02-26T10:55:02Z,54,76,78,,162
2026-02-26T11:00:12Z,55,75,78,,161
2026-02-26T11:05:22Z,53,75,77,61,161
2026-02-26T11:10:22Z,53,78,79,61,163
2026-02-26T11:15:23Z,54,77,77,61,162
2026-02-26T11:20:23Z,56,78,81,61,163
2026-02-26T11:25:24Z,56,78,79,61,163
2026-02-26T11:30:24Z,55,77,78,61,162
2026-02-26T11:35:25Z,56,77,81,61,162
2026-02-26T11:40:25Z,57,80,81,61,164
2026-02-26T11:45:26Z,56,79,79,61,163
2026-02-26T11:50:26Z,56,78,81,61,163
2026-02-26T11:55:27Z,56,77,81,61,162
2026-02-26T12:00:28Z,62,86,87,61,167
2026-02-26T12:05:28Z,68,94,94,61,171
2026-02-26T12:10:29Z,71,98,101,61,173
2026-02-26T12:15:29Z,72,99,100,61,173
2026-02-26T12:20:30Z,67,93,96,61,170
2026-02-26T12:25:30Z,67,95,97,61,171
2026-02-26T12:30:31Z,64,90,97,61,169
2026-02-26T12:35:31Z,61,86,88,61,167
2026-02-26T12:40:32Z,62,86,87,60,167
2026-02-26T12:45:32Z,61,83,85,60,165
2026-02-26T12:50:34Z,63,88,92,60,168
2026-02-26T12:55:34Z,64,89,90,60,168
2026-02-26T13:00:35Z,66,91,94,60,169
2026-02-26T13:05:35Z,66,95,98,60,171
2026-02-26T13:10:36Z,66,94,97,60,171
2026-02-26T13:15:36Z,62,84,86,60,166
2026-02-26T13:20:37Z,66,90,91,60,169
2026-02-26T13:25:38Z,66,91,93,60,169
2026-02-26T13:30:38Z,63,89,90,60,168
2026-02-26T13:35:39Z,59,83,83,60,165
2026-02-26T13:40:39Z,62,86,86,60,167
2026-02-26T13:45:40Z,58,80,81,60,164
2026-02-26T13:50:40Z,57,81,83,60,164
2026-02-26T13:55:41Z,58,80,83,60,164
2026-02-26T14:00:41Z,56,82,84,60,165
2026-02-26T14:05:42Z,56,83,85,60,165
2026-02-26T14:10:42Z,56,78,80,60,163
2026-02-26T14:15:43Z,54,75,76,60,161
2026-02-26T14:20:43Z,53,73,77,60,160
2026-02-26T14:25:44Z,51,70,71,60,158
2026-02-26T14:30:44Z,51,70,71,60,158
2026-02-26T14:35:45Z,52,69,71,60,158
2026-02-26T14:40:45Z,53,72,74,60,160
2026-02-26T14:45:47Z,52,75,78,60,161
2026-02-26T14:50:47Z,56,75,76,60,161
2026-02-26T14:55:48Z,54,75,76,60,161
2026-02-26T15:00:48Z,55,77,79,60,162
2026-02-26T15:05:49Z,57,78,78,60,163
2026-02-26T15:10:49Z,58,79,80,60,163
2026-02-26T15:15:50Z,60,83,85,60,165
2026-02-26T15:20:50Z,60,81,85,60,164
2026-02-26T15:25:51Z,59,83,86,60,165
2026-02-26T15:30:51Z,58,80,81,60,164
2026-02-26T15:35:52Z,59,81,86,60,164
2026-02-26T15:40:53Z,58,80,82,56,164
2026-02-26T15:45:53Z,59,82,85,56,165
2026-02-26T15:50:54Z,60,81,85,56,164
2026-02-26T15:55:54Z,61,87,88,56,167
2026-02-26T16:00:55Z,60,80,84,56,164
2026-02-26T16:05:55Z,59,83,85,56,165
2026-02-26T16:10:56Z,58,80,82,56,164
2026-02-26T16:15:56Z,65,87,89,56,167
2026-02-26T16:20:57Z,66,87,91,56,167
2026-02-26T16:25:57Z,61,85,86,56,166
2026-02-26T16:30:58Z,61,85,87,56,166
2026-02-26T16:35:58Z,54,77,78,56,162
2026-02-26T16:40:59Z,54,73,77,56,160
2026-02-26T16:45:59Z,59,81,84,56,164
2026-02-26T16:51:00Z,61,84,87,56,166
2026-02-26T16:56:00Z,56,78,80,56,163
2026-02-26T17:01:01Z,51,75,76,56,161
2026-02-26T17:06:01Z,48,68,71,56,157
2026-02-26T17:11:02Z,55,75,78,56,161
2026-02-26T17:16:03Z,50,69,72,56,158
2026-02-26T17:21:03Z,45,63,65,56,155
2026-02-26T17:26:04Z,53,71,76,56,159
2026-02-26T17:31:04Z,57,80,81,56,164
2026-02-26T17:36:05Z,59,81,82,56,164
2026-02-26T17:41:05Z,48,67,68,56,157
2026-02-26T17:46:06Z,45,64,65,56,155
2026-02-26T17:51:07Z,44,62,64,56,154
2026-02-26T17:56:07Z,50,68,70,56,157
2026-02-26T18:01:08Z,56,76,79,56,162
2026-02-26T18:06:08Z,56,76,81,56,162
2026-02-26T18:11:09Z,51,68,71,56,157
2026-02-26T18:16:09Z,60,83,86,56,165
2026-02-26T18:21:10Z,55,76,78,56,162
2026-02-26T18:26:10Z,61,83,85,56,165
2026-02-26T18:31:11Z,62,86,87,56,167
2026-02-26T18:36:11Z,62,88,90,56,168
2026-02-26T18:41:12Z,63,90,92,58,169
2026-02-26T18:46:13Z,63,87,91,58,167
2026-02-26T18:51:13Z,62,87,88,58,167
2026-02-26T18:56:14Z,65,93,96,58,170
2026-02-26T19:01:14Z,64,87,88,58,167
2026-02-26T19:06:15Z,65,91,94,58,169
2026-02-26T19:11:16Z,60,82,86,58,165
2026-02-26T19:16:16Z,52,76,78,58,162
2026-02-26T19:21:17Z,50,68,71,58,157
2026-02-26T19:26:17Z,57,78,82,58,163
2026-02-26T19:31:18Z,56,81,83,58,164
2026-02-26T19:36:18Z,56,78,79,58,163
2026-02-26T19:41:19Z,55,78,79,58,163
2026-02-26T19:46:19Z,55,78,79,58,163
2026-02-26T19:51:20Z,51,71,72,58,159
2026-02-26T19:56:20Z,53,73,75,58,160
2026-02-26T20:01:21Z,50,69,72,58,158
2026-02-26T20:06:21Z,48,69,71,58,158
2026-02-26T20:11:22Z,49,67,67,58,157
2026-02-26T20:16:22Z,46,65,66,58,156
2026-02-26T20:21:23Z,44,56,58,58,151
2026-02-26T20:26:23Z,38,51,51,58,139
2026-02-26T20:31:24Z,42,57,59,58,152
2026-02-26T20:36:24Z,44,59,60,58,153
2026-02-26T20:41:26Z,44,60,62,58,153
2026-02-26T20:46:26Z,43,61,62,58,154
2026-02-26T20:51:27Z,43,58,59,58,152
2026-02-26T20:56:27Z,42,62,62,58,154
2026-02-26T21:01:28Z,40,56,58,58,151
2026-02-26T21:06:28Z,40,55,55,58,149
2026-02-26T21:11:29Z,39,54,55,58,147
2026-02-26T21:16:29Z,41,56,57,58,151
2026-02-26T21:21:30Z,42,57,57,58,152
2026-02-26T21:26:30Z,40,57,59,58,152
2026-02-26T21:31:31Z,40,55,56,58,149
2026-02-26T21:36:31Z,40,56,56,58,151
2026-02-26T21:41:32Z,41,56,57,60,151
2026-02-26T21:46:32Z,41,55,55,60,149
2026-02-26T21:51:33Z,40,54,54,60,147
2026-02-26T21:56:33Z,39,53,54,60,144
2026-02-26T22:01:34Z,38,53,55,60,144
2026-02-26T22:06:34Z,39,55,56,60,149
2026-02-26T22:11:35Z,40,54,54,60,147
2026-02-26T22:16:36Z,40,54,56,60,147
2026-02-26T22:21:36Z,38,51,54,60,139
2026-02-26T22:26:37Z,38,53,55,60,144
2026-02-26T22:31:37Z,38,54,54,60,147
2026-02-26T22:36:38Z,36,51,52,60,139
2026-02-26T22:41:38Z,38,49,50,60,134
2026-02-26T22:46:39Z,39,51,53,60,139
2026-02-26T22:51:39Z,34,49,49,60,134
2026-02-26T22:56:40Z,36,52,54,60,142
2026-02-26T23:01:40Z,34,48,50,60,132
2026-02-26T23:06:41Z,36,48,50,60,132
2026-02-26T23:11:41Z,36,47,48,60,129
2026-02-26T23:16:42Z,34,50,53,60,137
2026-02-26T23:21:42Z,35,47,48,60,129
2026-02-26T23:26:43Z,34,49,52,60,134
2026-02-26T23:31:43Z,34,49,51,60,134
2026-02-26T23:36:44Z,34,47,48,60,129
2026-02-26T23:41:44Z,34,47,49,60,129
2026-02-26T23:46:45Z,33,47,47,60,129
2026-02-26T23:51:45Z,34,45,47,60,124
2026-02-26T23:56:46Z,34,47,50,60,129
2026-02-27T00:01:47Z,34,48,48,60,132
2026-02-27T00:06:47Z,34,47,48,60,129
2026-02-27T00:11:48Z,34,46,47,60,127
2026-02-27T00:16:48Z,35,51,52,60,139
2026-02-27T00:21:49Z,35,48,51,60,132
2026-02-27T00:26:49Z,36,51,54,60,139
2026-02-27T00:31:50Z,41,57,57,60,152
2026-02-27T00:36:50Z,40,57,57,60,152
2026-02-27T00:41:51Z,39,55,57,66,149
2026-02-27T00:46:51Z,36,49,53,66,134
2026-02-27T00:51:52Z,32,45,46,66,124
2026-02-27T00:56:53Z,32,46,46,66,127
2026-02-27T01:01:54Z,30,44,45,66,122
2026-02-27T01:06:54Z,30,41,43,66,115
2026-02-27T01:11:55Z,29,39,40,66,110
2026-02-27T01:16:56Z,28,39,42,66,110
2026-02-27T01:21:56Z,25,39,41,66,110
2026-02-27T01:26:57Z,28,36,39,66,102
2026-02-27T01:31:57Z,24,34,34,66,97
2026-02-27T01:36:58Z,25,40,42,66,112
2026-02-27T01:41:58Z,31,45,48,66,124
2026-02-27T01:46:59Z,29,39,42,66,110
2026-02-27T01:52:00Z,22,30,30,66,89
2026-02-27T01:57:00Z,17,23,24,66,74
2026-02-27T02:02:01Z,7,16,16,66,59
2026-02-27T02:07:01Z,5,13,15,66,53
2026-02-27T02:12:02Z,7,13,16,66,53
2026-02-27T02:17:02Z,7,15,17,66,57
2026-02-27T02:22:03Z,9,13,15,66,53
2026-02-27T02:27:03Z,7,13,16,66,53
2026-02-27T02:32:04Z,9,13,13,66,53
2026-02-27T02:37:04Z,9,14,16,66,55
2026-02-27T02:42:05Z,9,21,22,66,70
2026-02-27T02:47:06Z,10,18,18,66,63
2026-02-27T02:52:06Z,11,22,22,66,72
2026-02-27T02:57:07Z,15,22,22,66,72
2026-02-27T03:02:07Z,15,22,23,66,72
2026-02-27T03:07:08Z,13,23,23,66,74
2026-02-27T03:12:09Z,15,22,22,66,72
2026-02-27T03:17:09Z,11,21,21,66,70
2026-02-27T03:22:10Z,13,23,23,66,74
2026-02-27T03:27:10Z,14,23,23,66,74
2026-02-27T03:32:11Z,14,23,23,66,74
2026-02-27T03:37:11Z,14,21,21,66,70
2026-02-27T03:42:12Z,11,21,22,61,70
2026-02-27T03:47:12Z,13,20,21,61,68
2026-02-27T03:52:13Z,14,22,22,61,72
2026-02-27T03:57:14Z,13,21,22,61,70
2026-02-27T04:02:14Z,13,21,21,61,70
2026-02-27T04:07:15Z,12,21,22,61,70
2026-02-27T04:12:15Z,11,20,21,61,68
2026-02-27T04:17:16Z,12,20,22,61,68
2026-02-27T04:22:16Z,13,21,21,61,70
2026-02-27T04:27:17Z,13,21,21,61,70
2026-02-27T04:32:17Z,11,21,21,61,70
2026-02-27T04:37:18Z,12,20,21,61,68
2026-02-27T04:42:19Z,11,21,21,61,70
2026-02-27T04:47:20Z,11,21,21,61,70
2026-02-27T04:52:20Z,11,20,21,61,68
2026-02-27T04:57:21Z,10,18,20,61,63
2026-02-27T05:02:21Z,11,21,21,61,70
2026-02-27T05:07:22Z,10,20,20,61,68
2026-02-27T05:12:22Z,7,16,17,61,59
2026-02-27T05:17:23Z,6,17,17,61,61
2026-02-27T05:22:23Z,9,14,16,61,55
2026-02-27T05:27:24Z,7,15,17,61,57
2026-02-27T05:32:24Z,6,13,14,61,53
2026-02-27T05:37:25Z,7,15,15,61,57
2026-02-27T05:42:25Z,6,11,13,61,46
2026-02-27T05:47:26Z,7,12,12,61,50
2026-02-27T05:52:26Z,7,11,12,61,46
2026-02-27T05:57:27Z,5,10,11,61,42
2026-02-27T06:02:27Z,6,10,11,61,42
2026-02-27T06:07:28Z,6,11,11,61,46
2026-02-27T06:12:29Z,6,12,14,61,50
2026-02-27T06:17:29Z,7,11,11,61,46
2026-02-27T06:22:30Z,7,12,13,61,50
2026-02-27T06:27:30Z,6,10,11,61,42
2026-02-27T06:32:31Z,6,10,13,61,42
2026-02-27T06:37:31Z,6,11,12,61,46
2026-02-27T06:42:32Z,6,13,16,52,53
2026-02-27T06:47:32Z,7,13,14,52,53
2026-02-27T06:52:33Z,6,14,15,52,55
2026-02-27T06:57:34Z,6,11,12,52,46
2026-02-27T07:02:34Z,6,11,11,52,46
2026-02-27T07:07:35Z,6,11,12,52,46
2026-02-27T07:12:35Z,5,11,11,52,46
2026-02-27T07:17:36Z,5,11,12,52,46
2026-02-27T07:22:36Z,5,9,9,52,38
2026-02-27T07:27:37Z,6,11,12,52,46
2026-02-27T07:32:37Z,5,9,11,52,38
2026-02-27T07:37:38Z,7,10,10,52,42
2026-02-27T07:42:39Z,6,11,11,52,46
2026-02-27T07:47:39Z,5,10,10,52,42
2026-02-27T07:52:40Z,4,9,10,52,38
2026-02-27T07:57:40Z,4,9,9,52,38
2026-02-27T08:02:41Z,6,11,11,52,46
2026-02-27T08:07:41Z,5,7,7,52,29
2026-02-27T08:12:42Z,5,9,9,52,38
2026-02-27T08:17:43Z,4,7,7,52,29
2026-02-27T08:22:43Z,5,9,9,52,38
2026-02-27T08:27:44Z,5,12,15,52,50
2026-02-27T08:32:44Z,6,12,16,52,50
2026-02-27T08:37:45Z,6,10,10,52,42
2026-02-27T08:42:46Z,6,11,11,52,46
2026-02-27T08:47:46Z,5,11,11,52,46
2026-02-27T08:52:47Z,5,11,11,52,46
2026-02-27T08:57:47Z,6,10,11,52,42
2026-02-27T09:02:48Z,4,7,9,52,29
2026-02-27T09:07:48Z,5,9,11,52,38
2026-02-27T09:12:49Z,4,9,9,52,38
2026-02-27T09:17:49Z,5,11,11,52,46
2026-02-27T09:22:51Z,4,7,10,52,29
2026-02-27T09:27:51Z,5,9,10,52,38
2026-02-27T09:32:52Z,4,9,10,52,38
2026-02-27T09:37:52Z,6,10,11,52,42
2026-02-27T09:42:53Z,5,7,7,55,29
2026-02-27T09:47:53Z,4,11,11,55,46
2026-02-27T09:52:54Z,4,9,10,55,38
2026-02-27T09:57:55Z,6,9,10,55,38
2026-02-27T10:02:55Z,5,9,9,,38
2026-02-27T10:08:06Z,6,11,11,55,46
2026-02-27T10:13:06Z,6,12,12,55,50
2026-02-27T10:18:07Z,7,12,12,55,50
2026-02-27T10:23:07Z,6,10,10,55,42
2026-02-27T10:28:08Z,6,11,12,55,46
2026-02-27T10:33:08Z,6,12,12,55,50
2026-02-27T10:38:09Z,9,12,12,55,50
2026-02-27T10:43:09Z,6,11,12,55,46
2026-02-27T10:48:10Z,7,12,14,55,50
2026-02-27T10:53:10Z,7,16,18,55,59
2026-02-27T10:58:11Z,7,16,17,55,59
2026-02-27T11:03:11Z,9,17,17,55,61
2026-02-27T11:08:12Z,9,16,16,55,59
2026-02-27T11:13:12Z,10,17,18,55,61
2026-02-27T11:18:14Z,11,18,18,55,63
2026-02-27T11:23:15Z,9,17,17,55,61
2026-02-27T11:28:15Z,10,18,20,55,63
2026-02-27T11:33:16Z,10,18,18,55,63
2026-02-27T11:38:16Z,11,18,18,55,63
2026-02-27T11:43:17Z,9,18,18,55,63
2026-02-27T11:48:18Z,11,21,21,55,70
2026-02-27T11:53:18Z,10,18,18,55,63
2026-02-27T11:58:19Z,10,21,21,,70
2026-02-27T12:03:29Z,11,18,18,,63
2026-02-27T12:08:39Z,9,18,20,55,63
2026-02-27T12:13:39Z,10,20,21,55,68
2026-02-27T12:18:40Z,10,18,20,55,63
2026-02-27T12:23:40Z,10,18,18,55,63
2026-02-27T12:28:41Z,11,20,20,55,68
2026-02-27T12:33:42Z,10,18,20,55,63
2026-02-27T12:38:42Z,12,20,21,62,68
2026-02-27T12:43:43Z,12,21,23,62,70
2026-02-27T12:48:43Z,11,20,21,62,68
2026-02-27T12:53:44Z,11,18,20,62,63
2026-02-27T12:58:45Z,12,21,21,62,70
2026-02-27T13:03:45Z,11,20,22,62,68
2026-02-27T13:08:46Z,12,21,22,62,70
2026-02-27T13:13:46Z,11,22,22,62,72
2026-02-27T13:18:47Z,11,20,21,62,68
2026-02-27T13:23:48Z,11,20,20,62,68
2026-02-27T13:28:50Z,11,21,22,62,70
2026-02-27T13:33:51Z,14,21,21,62,70
2026-02-27T13:38:52Z,11,20,20,62,68
2026-02-27T13:43:53Z,10,18,20,62,63
2026-02-27T13:48:53Z,11,20,20,62,68
2026-02-27T13:53:54Z,12,20,21,62,68
2026-02-27T13:58:55Z,12,20,20,62,68
2026-02-27T14:03:56Z,12,22,22,62,72
2026-02-27T14:08:56Z,12,21,21,62,70
2026-02-27T14:13:57Z,15,23,24,62,74
2026-02-27T14:18:57Z,20,27,28,62,82
2026-02-27T14:23:58Z,20,28,29,62,84
2026-02-27T14:28:59Z,21,28,29,62,84
2026-02-27T14:33:59Z,22,28,30,62,84
2026-02-27T14:39:00Z,25,34,34,62,97
2026-02-27T14:44:00Z,24,34,36,62,97
2026-02-27T14:49:01Z,25,35,38,62,99
2026-02-27T14:54:02Z,28,42,42,62,117
2026-02-27T14:59:03Z,31,42,44,62,117
2026-02-27T15:04:03Z,27,38,40,62,107
2026-02-27T15:09:04Z,33,46,46,62,127
2026-02-27T15:14:04Z,32,46,47,62,127
2026-02-27T15:19:05Z,35,53,55,62,144
2026-02-27T15:24:05Z,34,49,51,62,134
2026-02-27T15:29:06Z,34,49,54,62,134
2026-02-27T15:34:07Z,34,51,53,62,139
2026-02-27T15:39:08Z,40,54,59,57,147
2026-02-27T15:44:08Z,42,56,57,57,151
2026-02-27T15:49:09Z,39,56,56,57,151
2026-02-27T15:54:09Z,40,55,57,57,149
2026-02-27T15:59:10Z,43,61,64,57,154
2026-02-27T16:04:10Z,40,57,57,57,152
2026-02-27T16:09:11Z,44,62,66,57,154
2026-02-27T16:14:11Z,42,59,60,57,153
2026-02-27T16:19:12Z,44,61,65,57,154
2026-02-27T16:24:12Z,44,58,62,57,152
2026-02-27T16:29:13Z,43,60,61,57,153
2026-02-27T16:34:14Z,45,66,66,57,156
2026-02-27T16:39:14Z,38,56,56,57,151
2026-02-27T16:44:15Z,39,54,56,57,147
2026-02-27T16:49:15Z,40,57,58,57,152
2026-02-27T16:54:16Z,36,50,53,57,137
2026-02-27T16:59:16Z,35,53,55,57,144
2026-02-27T17:04:17Z,37,50,50,57,137
2026-02-27T17:09:18Z,29,40,40,57,112
2026-02-27T17:14:18Z,24,34,34,57,97
2026-02-27T17:19:19Z,34,49,50,57,134
2026-02-27T17:24:20Z,35,51,52,57,139
2026-02-27T17:29:20Z,40,56,57,57,151
2026-02-27T17:34:21Z,41,55,56,57,149
2026-02-27T17:39:21Z,39,53,56,57,144
2026-02-27T17:44:22Z,41,57,59,57,152
2026-02-27T17:49:22Z,40,54,54,57,147
2026-02-27T17:54:23Z,39,54,57,57,147
2026-02-27T17:59:23Z,43,58,61,57,152
2026-02-27T18:04:24Z,44,64,66,57,155
2026-02-27T18:09:24Z,44,60,62,57,153
2026-02-27T18:14:25Z,45,63,66,57,155
2026-02-27T18:19:26Z,42,60,63,57,153
2026-02-27T18:24:26Z,41,58,62,57,152
2026-02-27T18:29:27Z,42,62,66,57,154
2026-02-27T18:34:27Z,46,65,68,57,156
2026-02-27T18:39:28Z,43,57,59,62,152
2026-02-27T18:44:28Z,42,60,63,62,153
2026-02-27T18:49:29Z,43,65,65,62,156
2026-02-27T18:54:29Z,45,65,66,62,156
2026-02-27T18:59:30Z,44,65,67,62,156
2026-02-27T19:04:30Z,43,65,66,62,156
2026-02-27T19:09:31Z,45,65,66,62,156
2026-02-27T19:14:31Z,43,62,65,62,154
2026-02-27T19:19:32Z,44,63,65,62,155
2026-02-27T19:24:32Z,44,64,65,62,155
2026-02-27T19:29:33Z,44,62,65,62,154
2026-02-27T19:34:34Z,42,64,66,62,155
2026-02-27T19:39:34Z,45,65,68,62,156
2026-02-27T19:44:35Z,44,64,66,62,155
2026-02-27T19:49:35Z,43,64,66,62,155
2026-02-27T19:54:36Z,44,62,65,62,154
2026-02-27T19:59:36Z,43,60,63,62,153
2026-02-27T20:04:37Z,43,58,61,62,152
2026-02-27T20:09:37Z,43,63,66,62,155
2026-02-27T20:14:38Z,42,58,61,62,152
2026-02-27T20:19:38Z,43,61,61,62,154
2026-02-27T20:24:39Z,43,62,64,62,154
2026-02-27T20:29:39Z,44,61,65,62,154
2026-02-27T20:34:40Z,42,58,61,62,152
2026-02-27T20:39:41Z,41,61,62,62,154
2026-02-27T20:44:41Z,41,56,57,62,151
2026-02-27T20:49:42Z,40,60,63,62,153
2026-02-27T20:54:42Z,42,60,62,62,153
2026-02-27T20:59:43Z,40,56,57,62,151
2026-02-27T21:04:43Z,42,60,62,62,153
2026-02-27T21:09:44Z,40,56,59,62,151
2026-02-27T21:14:44Z,40,56,57,62,151
2026-02-27T21:19:45Z,39,54,55,62,147
2026-02-27T21:24:46Z,39,54,55,62,147
2026-02-27T21:29:47Z,38,52,54,62,142
2026-02-27T21:34:47Z,36,54,54,62,147
2026-02-27T21:39:48Z,35,52,53,64,142
2026-02-27T21:44:48Z,34,49,51,64,134
2026-02-27T21:49:49Z,36,53,54,64,144
2026-02-27T21:54:49Z,36,51,52,64,139
2026-02-27T21:59:50Z,34,46,47,64,127
2026-02-27T22:04:50Z,34,47,48,64,129
2026-02-27T22:09:51Z,35,46,47,64,127
2026-02-27T22:14:51Z,34,49,50,64,134
2026-02-27T22:19:52Z,34,48,48,64,132
2026-02-27T22:24:53Z,34,45,45,64,124
2026-02-27T22:29:53Z,35,46,50,64,127
2026-02-27T22:34:54Z,32,44,45,64,122
2026-02-27T22:39:54Z,33,46,48,64,127
2026-02-27T22:44:55Z,33,45,46,64,124
2026-02-27T22:49:55Z,33,44,45,64,122
2026-02-27T22:54:56Z,33,45,46,64,124
2026-02-27T22:59:56Z,34,48,48,64,132
2026-02-27T23:04:57Z,34,43,45,64,119
2026-02-27T23:09:57Z,34,45,48,64,124
2026-02-27T23:14:58Z,34,45,46,64,124
2026-02-27T23:19:59Z,34,45,48,,124
2026-02-27T23:25:09Z,34,45,45,64,124
2026-02-27T23:30:09Z,36,51,51,64,139
2026-02-27T23:35:10Z,35,51,52,64,139
2026-02-27T23:40:10Z,36,51,53,64,139
2026-02-27T23:45:11Z,39,52,54,64,142
2026-02-27T23:50:12Z,39,55,56,64,149
2026-02-27T23:55:12Z,39,54,56,64,147
2026-02-28T00:00:13Z,39,54,57,64,147
2026-02-28T00:05:13Z,42,58,60,64,152
2026-02-28T00:10:14Z,44,59,60,64,153
2026-02-28T00:15:14Z,58,77,79,64,162
2026-02-28T00:20:15Z,58,82,85,64,165
2026-02-28T00:25:15Z,67,92,95,,170
2026-02-28T00:30:25Z,66,90,91,64,169
2026-02-28T00:35:26Z,67,98,99,64,173
2026-02-28T00:40:27Z,67,98,101,,173
2026-02-28T00:45:37Z,64,91,92,66,169
2026-02-28T00:50:37Z,66,94,96,66,171
2026-02-28T00:55:38Z,59,87,88,66,167
2026-02-28T01:00:38Z,47,66,67,66,156
2026-02-28T01:05:39Z,38,53,56,66,144
2026-02-28T01:10:39Z,30,38,41,66,107
2026-02-28T01:15:40Z,26,34,34,66,97
2026-02-28T01:20:40Z,23,31,32,66,91
2026-02-28T01:25:41Z,23,34,34,66,97
2026-02-28T01:30:41Z,23,34,34,66,97
2026-02-28T01:35:42Z,23,31,32,66,91
2026-02-28T01:40:43Z,28,39,40,66,110
2026-02-28T01:45:43Z,26,34,39,66,97
2026-02-28T01:50:44Z,28,38,39,66,107
2026-02-28T01:55:44Z,26,34,34,66,97
2026-02-28T02:00:45Z,26,34,34,66,97
2026-02-28T02:05:45Z,25,36,39,66,102
2026-02-28T02:10:46Z,21,30,30,66,89
2026-02-28T02:15:46Z,23,31,32,66,91
2026-02-28T02:20:47Z,23,27,28,66,82
2026-02-28T02:25:47Z,23,31,32,66,91
2026-02-28T02:30:48Z,22,29,29,66,87
2026-02-28T02:35:48Z,16,22,22,,72
2026-02-28T02:40:58Z,6,13,15,,53
2026-02-28T02:46:08Z,9,16,16,66,59
2026-02-28T02:51:09Z,6,16,16,66,59
2026-02-28T02:56:09Z,5,14,16,66,55
2026-02-28T03:01:10Z,7,16,16,66,59
2026-02-28T03:06:11Z,9,18,18,66,63
2026-02-28T03:11:12Z,7,14,14,66,55
2026-02-28T03:16:12Z,6,13,15,66,53
2026-02-28T03:21:13Z,6,11,11,66,46
2026-02-28T03:26:14Z,9,13,14,66,53
2026-02-28T03:31:14Z,9,15,17,66,57
2026-02-28T03:36:15Z,7,15,16,66,57
2026-02-28T03:41:15Z,4,7,9,61,29
2026-02-28T03:46:16Z,4,9,10,61,38
2026-02-28T03:51:16Z,6,11,11,61,46
2026-02-28T03:56:17Z,7,12,12,61,50
2026-02-28T04:01:18Z,5,10,11,61,42
2026-02-28T04:06:18Z,6,11,11,61,46
2026-02-28T04:11:20Z,6,11,11,61,46
2026-02-28T04:16:20Z,6,10,10,61,42
2026-02-28T04:21:21Z,5,9,9,61,38
2026-02-28T04:26:22Z,5,7,7,61,29
2026-02-28T04:31:22Z,2,7,9,61,29
2026-02-28T04:36:23Z,4,7,9,61,29
2026-02-28T04:41:23Z,6,10,10,61,42
2026-02-28T04:46:24Z,4,9,11,61,38
2026-02-28T04:51:25Z,4,5,5,61,21
2026-02-28T04:56:25Z,4,7,7,61,29
2026-02-28T05:01:26Z,4,7,7,61,29
2026-02-28T05:06:26Z,4,9,9,61,38
2026-02-28T05:11:27Z,2,7,7,61,29
2026-02-28T05:16:27Z,2,7,7,61,29
2026-02-28T05:21:28Z,5,9,9,61,38
2026-02-28T05:26:29Z,4,7,7,61,29
2026-02-28T05:31:29Z,4,7,9,61,29
2026-02-28T05:36:30Z,4,7,7,61,29
2026-02-28T05:41:31Z,4,6,6,61,25
2026-02-28T05:46:32Z,4,7,7,61,29
2026-02-28T05:51:33Z,4,7,7,61,29
2026-02-28T05:56:33Z,5,7,7,61,29
2026-02-28T06:01:34Z,4,6,6,61,25
2026-02-28T06:06:34Z,5,7,7,61,29
2026-02-28T06:11:35Z,6,10,10,61,42
2026-02-28T06:16:35Z,4,9,9,61,38
2026-02-28T06:21:36Z,4,7,7,61,29
2026-02-28T06:26:36Z,4,7,7,61,29
2026-02-28T06:31:37Z,5,7,7,61,29
2026-02-28T06:36:37Z,2,9,10,61,38
2026-02-28T06:41:38Z,6,9,9,55,38
2026-02-28T06:46:38Z,5,9,9,55,38
2026-02-28T06:51:39Z,4,7,7,55,29
2026-02-28T06:56:40Z,6,7,9,55,29
2026-02-28T07:01:41Z,5,9,9,55,38
2026-02-28T07:06:41Z,4,9,9,55,38
2026-02-28T07:11:42Z,5,9,9,55,38
2026-02-28T07:16:43Z,6,9,9,55,38
2026-02-28T07:21:43Z,5,9,9,55,38
2026-02-28T07:26:44Z,5,9,9,55,38
2026-02-28T07:31:45Z,5,9,11,55,38
2026-02-28T07:36:46Z,5,9,9,55,38
2026-02-28T07:41:47Z,5,7,10,55,29
2026-02-28T07:46:48Z,4,9,9,55,38
2026-02-28T07:51:48Z,5,9,9,55,38
2026-02-28T07:56:49Z,4,9,9,55,38
2026-02-28T08:01:49Z,6,9,9,55,38
2026-02-28T08:06:50Z,5,9,9,55,38
2026-02-28T08:11:50Z,5,9,9,55,38
2026-02-28T08:16:51Z,5,7,9,55,29
2026-02-28T08:21:51Z,4,9,9,55,38
2026-02-28T08:26:52Z,5,7,7,55,29
2026-02-28T08:31:52Z,4,6,6,55,25
2026-02-28T08:36:53Z,5,7,9,55,29
2026-02-28T08:41:54Z,5,7,7,55,29
2026-02-28T08:46:54Z,5,7,7,55,29
2026-02-28T08:51:55Z,5,7,7,55,29
2026-02-28T08:56:55Z,6,9,9,55,38
2026-02-28T09:01:56Z,4,7,9,55,29
2026-02-28T09:06:56Z,4,6,7,55,25
2026-02-28T09:11:57Z,5,9,9,55,38
2026-02-28T09:16:57Z,4,6,7,55,25
2026-02-28T09:21:58Z,4,9,10,55,38
2026-02-28T09:27:03Z,5,7,7,55,29
2026-02-28T09:32:04Z,6,10,10,55,42
2026-02-28T09:37:04Z,5,9,9,,38
2026-02-28T09:42:14Z,4,6,6,57,25
2026-02-28T09:47:15Z,4,7,9,57,29
2026-02-28T09:52:15Z,6,9,9,57,38
2026-02-28T09:57:16Z,4,6,6,57,25
2026-02-28T10:02:16Z,5,7,7,57,29
2026-02-28T10:07:17Z,4,6,6,57,25
2026-02-28T10:12:17Z,4,10,10,57,42
2026-02-28T10:17:18Z,6,11,11,57,46
2026-02-28T10:22:18Z,5,7,7,57,29
2026-02-28T10:27:19Z,5,6,6,57,25
2026-02-28T10:32:19Z,5,7,9,57,29
2026-02-28T10:37:20Z,4,9,9,57,38
2026-02-28T10:42:20Z,5,9,9,57,38
2026-02-28T10:47:21Z,12,22,22,57,72
2026-02-28T10:52:22Z,20,25,28,57,78
2026-02-28T10:57:22Z,11,18,18,57,63
2026-02-28T11:02:23Z,10,17,17,57,61
2026-02-28T11:07:23Z,7,17,18,57,61
2026-02-28T11:12:24Z,9,14,14,57,55
2026-02-28T11:17:24Z,10,20,22,57,68
2026-02-28T11:22:25Z,7,17,18,57,61
2026-02-28T11:27:25Z,10,16,17,,59
2026-02-28T11:32:35Z,9,18,20,57,63
2026-02-28T11:37:36Z,7,14,14,57,55
2026-02-28T11:42:37Z,7,15,16,57,57
2026-02-28T11:47:37Z,9,17,17,57,61
2026-02-28T11:52:38Z,7,14,16,57,55
2026-02-28T11:57:38Z,6,12,14,57,50
2026-02-28T12:02:39Z,7,15,17,57,57
2026-02-28T12:07:40Z,6,12,12,57,50
2026-02-28T12:12:40Z,5,10,10,57,42
2026-02-28T12:17:41Z,6,10,11,57,42
2026-02-28T12:22:41Z,5,10,11,57,42
2026-02-28T12:27:42Z,6,12,14,57,50
2026-02-28T12:32:43Z,6,12,15,57,50
2026-02-28T12:37:43Z,9,14,14,57,55
2026-02-28T12:42:44Z,5,13,14,63,53
2026-02-28T12:47:45Z,4,10,10,63,42
2026-02-28T12:52:45Z,5,6,7,63,25
2026-02-28T12:57:46Z,2,5,5,63,21
2026-02-28T13:02:47Z,4,6,7,63,25
2026-02-28T13:07:47Z,10,17,17,63,61
2026-02-28T13:12:48Z,10,20,22,63,68
2026-02-28T13:17:48Z,12,20,21,63,68
2026-02-28T13:22:49Z,11,18,21,63,63
2026-02-28T13:27:50Z,7,17,17,63,61
2026-02-28T13:32:51Z,6,13,14,63,53
2026-02-28T13:37:51Z,9,13,18,63,53
2026-02-28T13:42:52Z,9,16,17,63,59
2026-02-28T13:47:52Z,13,21,21,63,70
2026-02-28T13:52:53Z,16,23,25,63,74
2026-02-28T13:57:53Z,17,23,23,63,74
2026-02-28T14:02:54Z,10,20,21,63,68
2026-02-28T14:07:54Z,10,18,20,63,63
2026-02-28T14:12:55Z,15,23,23,63,74
2026-02-28T14:17:55Z,17,25,25,63,78
2026-02-28T14:22:56Z,16,21,22,63,70
2026-02-28T14:27:56Z,14,22,23,63,72
2026-02-28T14:32:57Z,15,21,23,63,70
2026-02-28T14:37:58Z,9,18,20,63,63
2026-02-28T14:42:58Z,11,18,18,63,63
2026-02-28T14:47:59Z,11,18,20,63,63
2026-02-28T14:52:59Z,10,17,18,63,61
2026-02-28T14:58:00Z,9,18,21,63,63
2026-02-28T15:03:01Z,10,20,20,63,68
2026-02-28T15:08:02Z,9,18,18,63,63
2026-02-28T15:13:02Z,12,22,22,63,72
2026-02-28T15:18:03Z,12,22,23,63,72
2026-02-28T15:23:03Z,16,22,23,63,72
2026-02-28T15:28:04Z,18,25,27,63,78
2026-02-28T15:33:04Z,23,31,32,63,91
2026-02-28T15:38:05Z,23,33,34,60,95
2026-02-28T15:43:05Z,23,32,33,60,93
2026-02-28T15:48:06Z,27,38,40,60,107
2026-02-28T15:53:06Z,27,39,42,60,110
2026-02-28T15:58:07Z,27,37,39,60,105
2026-02-28T16:03:07Z,31,44,45,60,122
2026-02-28T16:08:08Z,28,40,40,60,112
2026-02-28T16:13:08Z,37,52,54,60,142
2026-02-28T16:18:09Z,32,45,46,60,124
2026-02-28T16:23:10Z,32,46,48,60,127
2026-02-28T16:28:10Z,34,49,51,60,134
2026-02-28T16:33:11Z,30,44,45,60,122
2026-02-28T16:38:11Z,36,52,54,60,142
2026-02-28T16:43:12Z,33,47,49,60,129
2026-02-28T16:48:13Z,34,51,54,60,139
2026-02-28T16:53:13Z,32,46,46,60,127
2026-02-28T16:58:14Z,40,58,61,,152
2026-02-28T17:03:24Z,32,46,47,,127
2026-02-28T17:08:34Z,31,45,45,60,124
2026-02-28T17:13:34Z,31,46,46,60,127
2026-02-28T17:18:35Z,30,43,45,60,119
2026-02-28T17:23:35Z,37,50,53,60,137
2026-02-28T17:28:36Z,25,38,39,60,107
2026-02-28T17:33:36Z,36,53,54,60,144
2026-02-28T17:38:37Z,29,41,41,60,115
2026-02-28T17:43:37Z,38,55,57,60,149
2026-02-28T17:48:38Z,37,54,56,60,147
2026-02-28T17:53:38Z,44,61,62,60,154
2026-02-28T17:58:39Z,36,52,54,60,142
2026-02-28T18:03:39Z,33,45,47,60,124
2026-02-28T18:08:41Z,34,48,48,60,132
2026-02-28T18:13:41Z,35,50,51,60,137
2026-02-28T18:18:42Z,39,54,56,60,147
2026-02-28T18:23:42Z,35,50,52,60,137
2026-02-28T18:28:43Z,44,61,64,60,154
2026-02-28T18:33:43Z,36,51,53,60,139
2026-02-28T18:38:44Z,46,65,66,66,156
2026-02-28T18:43:44Z,35,51,54,66,139
2026-02-28T18:48:45Z,42,61,64,66,154
2026-02-28T18:53:48Z,38,50,51,66,137
2026-02-28T18:58:48Z,30,43,44,66,119
2026-02-28T19:03:49Z,36,53,55,66,144
2026-02-28T19:08:49Z,41,58,60,66,152
2026-02-28T19:13:50Z,33,48,50,66,132
2026-02-28T19:18:50Z,28,38,40,66,107
2026-02-28T19:23:51Z,25,34,35,66,97
2026-02-28T19:28:52Z,23,34,34,66,97
2026-02-28T19:33:53Z,23,31,32,66,91
2026-02-28T19:38:55Z,25,38,38,,107
2026-02-28T19:44:05Z,24,33,34,66,95
2026-02-28T19:49:06Z,21,28,29,66,84
2026-02-28T19:54:07Z,21,28,29,66,84
2026-02-28T19:59:07Z,21,29,30,66,87
2026-02-28T20:04:08Z,22,28,28,66,84
2026-02-28T20:09:08Z,20,25,27,66,78
2026-02-28T20:14:10Z,21,29,29,66,87
2026-02-28T20:19:10Z,17,23,24,66,74
2026-02-28T20:24:11Z,12,20,21,66,68
2026-02-28T20:29:11Z,12,21,21,66,70
2026-02-28T20:34:12Z,11,20,20,66,68
2026-02-28T20:39:12Z,12,22,22,66,72
2026-02-28T20:44:13Z,11,22,22,66,72
2026-02-28T20:49:13Z,11,21,21,66,70
2026-02-28T20:54:14Z,9,18,18,66,63
2026-02-28T20:59:14Z,12,22,23,66,72
2026-02-28T21:04:15Z,9,17,17,66,61
2026-02-28T21:09:16Z,11,20,20,66,68
2026-02-28T21:14:16Z,11,18,18,66,63
2026-02-28T21:19:17Z,9,18,20,66,63
2026-02-28T21:24:17Z,10,18,20,66,63
2026-02-28T21:29:18Z,10,17,17,66,61
2026-02-28T21:34:18Z,10,15,17,66,57
2026-02-28T21:39:21Z,11,21,21,66,70
2026-02-28T21:44:21Z,10,16,16,69,59
2026-02-28T21:49:22Z,11,18,20,69,63
2026-02-28T21:54:22Z,10,18,20,69,63
2026-02-28T21:59:23Z,10,18,18,69,63
2026-02-28T22:04:23Z,9,18,20,69,63
2026-02-28T22:09:24Z,11,20,21,69,68
2026-02-28T22:14:24Z,9,17,18,69,61
2026-02-28T22:19:26Z,9,20,20,69,68
2026-02-28T22:24:26Z,9,17,18,69,61
2026-02-28T22:29:27Z,10,18,18,,63
2026-02-28T22:34:37Z,7,17,17,69,61
2026-02-28T22:39:37Z,9,17,17,69,61
2026-02-28T22:44:38Z,7,16,17,69,59
2026-02-28T22:49:38Z,10,20,21,69,68
2026-02-28T22:54:39Z,10,17,17,69,61
2026-02-28T22:59:39Z,10,17,18,69,61
2026-02-28T23:04:40Z,10,18,21,69,63
2026-02-28T23:09:41Z,10,18,18,69,63
2026-02-28T23:14:42Z,9,16,17,69,59
2026-02-28T23:19:42Z,9,17,18,69,61
2026-02-28T23:24:43Z,9,16,16,69,59
2026-02-28T23:29:43Z,10,18,21,69,63
2026-02-28T23:34:44Z,11,20,21,69,68
2026-02-28T23:39:45Z,12,21,21,69,70
2026-02-28T23:44:46Z,11,18,21,69,63
2026-02-28T23:49:47Z,12,21,21,69,70
2026-02-28T23:54:47Z,14,22,22,69,72
2026-02-28T23:59:48Z,11,20,21,69,68
2026-03-01T00:04:50Z,13,22,22,69,72
2026-03-01T00:09:51Z,12,20,21,69,68
2026-03-01T00:14:52Z,16,23,23,69,74
2026-03-01T00:19:52Z,17,23,24,69,74
2026-03-01T00:24:53Z,15,21,21,,70
2026-03-01T00:30:03Z,14,22,23,69,72
2026-03-01T00:35:03Z,15,23,23,69,74
2026-03-01T00:40:04Z,17,23,23,77,74
2026-03-01T00:45:04Z,18,24,24,,76
2026-03-01T00:50:14Z,17,23,23,77,74
2026-03-01T00:55:15Z,18,25,26,77,78
2026-03-01T01:00:16Z,18,23,23,77,74
2026-03-01T01:05:16Z,15,23,23,77,74
2026-03-01T01:10:17Z,14,23,23,77,74
2026-03-01T01:15:17Z,22,28,29,77,84
2026-03-01T01:20:18Z,24,34,34,77,97
2026-03-01T01:25:18Z,30,39,40,77,110
2026-03-01T01:30:19Z,36,46,49,77,127
2026-03-01T01:35:21Z,41,53,53,77,144
2026-03-01T01:40:25Z,51,63,66,77,155
2026-03-01T01:45:27Z,53,68,69,77,157
2026-03-01T01:50:28Z,52,66,69,77,156
2026-03-01T01:55:28Z,41,55,56,77,149
2026-03-01T02:00:29Z,23,30,30,77,89
2026-03-01T02:05:29Z,23,31,32,77,91
2026-03-01T02:10:30Z,23,32,33,77,93
2026-03-01T02:15:31Z,20,25,25,77,78
2026-03-01T02:20:31Z,18,23,23,77,74
2026-03-01T02:25:34Z,15,23,23,77,74
2026-03-01T02:30:35Z,11,21,21,77,70
2026-03-01T02:35:35Z,16,24,25,77,76
2026-03-01T02:40:36Z,18,26,26,77,80
2026-03-01T02:45:36Z,18,25,25,77,78
2026-03-01T02:50:37Z,18,24,25,77,76
2026-03-01T02:55:38Z,17,25,25,77,78
2026-03-01T03:00:38Z,16,23,25,77,74
2026-03-01T03:05:39Z,17,23,25,77,74
2026-03-01T03:10:39Z,17,25,26,77,78
2026-03-01T03:15:40Z,20,28,28,77,84
2026-03-01T03:20:40Z,17,23,23,77,74
2026-03-01T03:25:41Z,16,23,23,77,74
2026-03-01T03:30:41Z,12,22,23,77,72
2026-03-01T03:35:42Z,11,23,23,77,74
2026-03-01T03:40:42Z,11,22,23,64,72
2026-03-01T03:45:43Z,16,23,23,64,74
2026-03-01T03:50:44Z,16,21,22,64,70
2026-03-01T03:55:44Z,15,23,23,64,74
2026-03-01T04:00:45Z,12,22,23,64,72
2026-03-01T04:05:45Z,12,21,21,64,70
2026-03-01T04:10:46Z,16,22,23,,72
2026-03-01T04:15:56Z,15,23,23,64,74
2026-03-01T04:20:56Z,14,21,21,64,70
2026-03-01T04:25:57Z,12,18,21,64,63
2026-03-01T04:30:58Z,10,20,20,64,68
2026-03-01T04:35:58Z,12,22,22,64,72
2026-03-01T04:40:59Z,12,22,22,64,72
2026-03-01T04:45:59Z,13,22,22,64,72
2026-03-01T04:51:00Z,11,18,20,64,63
2026-03-01T04:56:00Z,11,18,18,64,63
2026-03-01T05:01:01Z,12,23,23,64,74
2026-03-01T05:06:01Z,15,23,24,64,74
2026-03-01T05:11:02Z,12,21,21,64,70
2026-03-01T05:16:03Z,12,23,23,64,74
2026-03-01T05:21:03Z,14,23,23,64,74
2026-03-01T05:26:04Z,14,22,23,64,72
2026-03-01T05:31:05Z,15,23,23,64,74
2026-03-01T05:36:05Z,16,24,24,64,76
2026-03-01T05:41:06Z,16,23,23,64,74
2026-03-01T05:46:06Z,21,28,28,64,84
2026-03-01T05:51:08Z,22,29,29,,87
2026-03-01T05:56:18Z,21,27,29,64,82
2026-03-01T06:01:18Z,21,24,25,64,76
2026-03-01T06:06:19Z,22,25,28,64,78
2026-03-01T06:11:20Z,23,27,28,64,82
2026-03-01T06:16:20Z,21,27,27,64,82
2026-03-01T06:21:21Z,21,28,30,64,84
2026-03-01T06:26:21Z,21,28,28,64,84
2026-03-01T06:31:23Z,20,27,28,64,82
2026-03-01T06:36:24Z,21,29,30,64,87
2026-03-01T06:41:24Z,22,29,31,59,87
2026-03-01T06:46:25Z,23,31,31,59,91
2026-03-01T06:51:25Z,23,31,32,59,91
2026-03-01T06:56:26Z,22,28,29,59,84
2026-03-01T07:01:27Z,23,30,30,59,89
2026-03-01T07:06:29Z,23,29,30,59,87
2026-03-01T07:11:30Z,23,29,30,59,87
2026-03-01T07:16:30Z,20,28,28,59,84
2026-03-01T07:21:31Z,23,29,29,59,87
2026-03-01T07:26:31Z,23,32,32,59,93
2026-03-01T07:31:32Z,23,31,32,59,91
2026-03-01T07:36:32Z,22,30,31,59,89
2026-03-01T07:41:33Z,23,28,28,59,84
2026-03-01T07:46:34Z,23,31,32,59,91
2026-03-01T07:51:34Z,22,32,32,59,93
2026-03-01T07:56:35Z,22,29,29,59,87
2026-03-01T08:01:36Z,22,31,32,59,91
2026-03-01T08:06:38Z,23,32,33,59,93
2026-03-01T08:11:39Z,22,33,33,59,95
2026-03-01T08:16:39Z,22,31,32,59,91
2026-03-01T08:21:40Z,22,31,33,59,91
2026-03-01T08:26:40Z,23,30,32,59,89
2026-03-01T08:31:41Z,22,28,29,59,84
2026-03-01T08:36:41Z,22,29,29,59,87
2026-03-01T08:41:42Z,23,31,31,59,91
2026-03-01T08:46:43Z,23,32,32,59,93
2026-03-01T08:51:44Z,24,33,33,59,95
2026-03-01T08:56:44Z,23,34,34,59,97
2026-03-01T09:01:45Z,22,32,33,59,93
2026-03-01T09:06:46Z,23,33,33,59,95
2026-03-01T09:11:46Z,23,32,32,59,93
2026-03-01T09:16:47Z,23,32,33,59,93
2026-03-01T09:21:47Z,22,31,31,59,91
2026-03-01T09:26:48Z,24,30,30,59,89
2026-03-01T09:31:48Z,22,32,34,59,93
2026-03-01T09:36:49Z,23,32,33,59,93
2026-03-01T09:41:49Z,22,30,30,57,89
2026-03-01T09:46:50Z,22,32,33,57,93
2026-03-01T09:51:51Z,22,33,33,57,95
2026-03-01T09:56:51Z,22,33,33,57,95
2026-03-01T10:01:52Z,23,33,33,57,95
2026-03-01T10:06:52Z,22,33,33,57,95
2026-03-01T10:11:53Z,23,32,33,57,93
2026-03-01T10:16:54Z,24,33,33,57,95
2026-03-01T10:21:55Z,28,35,37,57,99
2026-03-01T10:26:57Z,28,41,41,57,115
2026-03-01T10:31:58Z,29,35,37,57,99
2026-03-01T10:36:58Z,27,37,38,57,105
2026-03-01T10:41:59Z,24,33,34,57,95
2026-03-01T10:46:59Z,25,35,35,57,99
2026-03-01T10:52:00Z,71,106,110,57,177
2026-03-01T10:57:01Z,95,153,158,57,203
2026-03-01T11:02:01Z,69,99,102,57,173
2026-03-01T11:07:02Z,45,65,67,57,156
2026-03-01T11:12:05Z,33,48,51,57,132
2026-03-01T11:17:06Z,28,39,40,57,110
2026-03-01T11:22:06Z,25,33,33,57,95
2026-03-01T11:27:07Z,23,33,33,57,95
2026-03-01T11:32:08Z,24,34,34,57,97
2026-03-01T11:37:10Z,23,33,35,57,95
2026-03-01T11:42:10Z,23,33,33,57,95
2026-03-01T11:47:11Z,21,28,29,57,84
2026-03-01T11:52:13Z,18,23,25,57,74
2026-03-01T11:57:13Z,17,23,23,57,74
2026-03-01T12:02:16Z,16,22,22,57,72
2026-03-01T12:07:16Z,17,22,22,57,72
2026-03-01T12:12:17Z,16,21,22,57,70
2026-03-01T12:17:19Z,12,20,21,57,68
2026-03-01T12:22:20Z,11,21,21,57,70
2026-03-01T12:27:20Z,9,16,17,57,59
2026-03-01T12:32:21Z,9,17,17,57,61
2026-03-01T12:37:21Z,7,16,16,57,59
2026-03-01T12:42:23Z,7,15,16,61,57
2026-03-01T12:47:23Z,7,16,16,61,59
2026-03-01T12:52:24Z,7,17,17,61,61
2026-03-01T12:57:26Z,7,15,15,61,57
2026-03-01T13:02:27Z,5,10,10,61,42
2026-03-01T13:07:27Z,5,11,11,61,46
2026-03-01T13:12:28Z,5,10,11,61,42
2026-03-01T13:17:28Z,6,11,12,61,46
2026-03-01T13:22:29Z,4,9,9,61,38
2026-03-01T13:27:29Z,6,10,10,,42
2026-03-01T13:32:39Z,7,11,12,61,46
2026-03-01T13:37:40Z,7,12,17,61,50
2026-03-01T13:42:42Z,6,14,16,61,55
2026-03-01T13:47:43Z,7,18,20,61,63
2026-03-01T13:52:43Z,11,20,21,61,68
2026-03-01T13:57:44Z,11,23,23,61,74
2026-03-01T14:02:44Z,15,23,23,61,74
2026-03-01T14:07:45Z,20,25,27,61,78
2026-03-01T14:12:45Z,21,29,29,61,87
2026-03-01T14:17:46Z,22,32,32,61,93
2026-03-01T14:22:47Z,22,33,33,61,95
2026-03-01T14:27:47Z,23,32,34,61,93
2026-03-01T14:32:48Z,24,34,35,61,97
2026-03-01T14:37:48Z,28,41,42,61,115
2026-03-01T14:42:49Z,28,39,42,61,110
2026-03-01T14:47:50Z,28,41,44,61,115
2026-03-01T14:52:51Z,30,45,46,61,124
2026-03-01T14:57:51Z,30,44,44,61,122
2026-03-01T15:02:54Z,32,47,48,61,129
2026-03-01T15:07:54Z,32,45,46,61,124
2026-03-01T15:12:55Z,38,51,54,61,139
2026-03-01T15:17:55Z,37,56,56,61,151
2026-03-01T15:22:56Z,34,50,52,61,137
2026-03-01T15:27:57Z,30,45,47,61,124
2026-03-01T15:32:57Z,34,51,54,61,139
2026-03-01T15:37:58Z,33,51,54,62,139
2026-03-01T15:43:01Z,41,58,61,62,152
2026-03-01T15:48:01Z,38,52,55,62,142
2026-03-01T15:53:02Z,36,55,56,62,149
2026-03-01T15:58:02Z,38,55,56,62,149
2026-03-01T16:03:03Z,38,56,58,62,151
2026-03-01T16:08:03Z,41,61,66,62,154
2026-03-01T16:13:04Z,37,53,56,62,144
2026-03-01T16:18:04Z,41,61,64,62,154
2026-03-01T16:23:05Z,43,60,65,62,153
2026-03-01T16:28:07Z,35,56,57,62,151
2026-03-01T16:33:08Z,33,48,51,62,132
2026-03-01T16:38:08Z,35,52,56,62,142
2026-03-01T16:43:09Z,31,42,43,62,117
2026-03-01T16:48:10Z,23,35,37,62,99
2026-03-01T16:53:10Z,37,55,57,62,149
2026-03-01T16:58:13Z,34,48,51,62,132
2026-03-01T17:03:13Z,37,56,58,62,151
2026-03-01T17:08:15Z,37,54,56,62,147
2026-03-01T17:13:15Z,37,55,58,62,149
2026-03-01T17:18:18Z,45,67,71,62,157
2026-03-01T17:23:20Z,33,48,52,62,132
2026-03-01T17:28:21Z,31,47,47,62,129
2026-03-01T17:33:21Z,15,22,22,62,72
2026-03-01T17:38:24Z,15,23,23,62,74
2026-03-01T17:43:24Z,24,35,35,62,99
2026-03-01T17:48:25Z,23,37,38,62,105
2026-03-01T17:53:26Z,20,27,28,62,82
2026-03-01T17:58:26Z,18,27,28,62,82
2026-03-01T18:03:27Z,14,23,23,62,74
2026-03-01T18:08:28Z,15,23,24,62,74
2026-03-01T18:13:28Z,9,17,21,62,61
2026-03-01T18:18:29Z,18,31,31,62,91
2026-03-01T18:23:30Z,12,24,24,62,76
2026-03-01T18:28:30Z,18,24,24,62,76
2026-03-01T18:33:31Z,18,29,30,62,87
2026-03-01T18:38:31Z,20,24,25,64,76
2026-03-01T18:43:32Z,16,23,24,64,74
2026-03-01T18:48:32Z,17,23,23,64,74
2026-03-01T18:53:33Z,14,22,23,64,72
2026-03-01T18:58:33Z,15,22,23,64,72
2026-03-01T19:03:34Z,17,23,24,64,74
2026-03-01T19:08:35Z,11,22,22,64,72
2026-03-01T19:13:37Z,10,21,23,64,70
2026-03-01T19:18:38Z,10,21,21,64,70
2026-03-01T19:23:40Z,7,17,17,64,61
2026-03-01T19:28:43Z,11,21,21,64,70
2026-03-01T19:33:43Z,7,18,18,64,63
2026-03-01T19:38:44Z,9,17,18,64,61
2026-03-01T19:43:44Z,9,18,18,64,63
2026-03-01T19:48:45Z,10,15,17,64,57
2026-03-01T19:53:45Z,9,18,18,64,63
2026-03-01T19:58:46Z,9,15,16,64,57
2026-03-01T20:03:46Z,7,15,16,64,57
2026-03-01T20:08:47Z,7,15,17,64,57
2026-03-01T20:13:47Z,9,16,17,64,59
2026-03-01T20:18:48Z,7,16,18,64,59
2026-03-01T20:23:48Z,6,12,14,64,50
2026-03-01T20:28:49Z,7,16,17,64,59
2026-03-01T20:33:49Z,9,17,18,64,61
2026-03-01T20:38:50Z,9,17,17,64,61
2026-03-01T20:43:50Z,10,20,20,64,68
2026-03-01T20:48:51Z,10,17,18,64,61
2026-03-01T20:53:53Z,10,18,18,64,63
2026-03-01T20:58:54Z,10,20,21,64,68
2026-03-01T21:03:54Z,11,17,20,64,61
2026-03-01T21:08:55Z,11,20,21,64,68
2026-03-01T21:13:55Z,10,18,20,64,63
2026-03-01T21:18:56Z,11,23,23,64,74
2026-03-01T21:23:57Z,10,20,21,64,68
2026-03-01T21:28:57Z,11,21,21,,70
2026-03-01T21:34:07Z,10,17,18,64,61
2026-03-01T21:39:08Z,11,18,18,64,63
2026-03-01T21:44:08Z,11,20,22,68,68
2026-03-01T21:49:09Z,12,20,21,68,68
2026-03-01T21:54:09Z,14,24,24,,76
2026-03-01T21:59:19Z,15,23,23,68,74
2026-03-01T22:04:20Z,17,24,24,68,76
2026-03-01T22:09:20Z,22,27,27,68,82
2026-03-01T22:14:21Z,20,25,27,68,78
2026-03-01T22:19:22Z,20,24,25,68,76
2026-03-01T22:24:22Z,22,30,31,68,89
2026-03-01T22:29:22Z,23,30,32,68,89
2026-03-01T22:34:23Z,22,34,35,68,97
2026-03-01T22:39:24Z,23,34,34,68,97
2026-03-01T22:44:24Z,25,37,39,68,105
2026-03-01T22:49:25Z,25,35,37,68,99
2026-03-01T22:54:25Z,27,38,40,68,107
2026-03-01T22:59:26Z,29,42,43,68,117
2026-03-01T23:04:26Z,31,42,45,68,117
2026-03-01T23:09:27Z,33,44,45,68,122
2026-03-01T23:14:28Z,34,45,47,68,124
2026-03-01T23:19:28Z,34,47,49,68,129
2026-03-01T23:24:29Z,34,49,50,68,134
2026-03-01T23:29:29Z,35,49,50,68,134
2026-03-01T23:34:30Z,38,52,54,68,142
2026-03-01T23:39:30Z,35,52,54,68,142
2026-03-01T23:44:31Z,38,52,53,68,142
2026-03-01T23:49:31Z,37,55,56,68,149
2026-03-01T23:54:34Z,41,57,60,68,152
2026-03-01T23:59:35Z,43,61,64,68,154
2026-03-02T00:04:35Z,42,56,61,68,151
2026-03-02T00:09:36Z,44,60,63,68,153
2026-03-02T00:14:36Z,45,65,66,68,156
2026-03-02T00:19:37Z,42,59,62,,153
2026-03-02T00:24:47Z,38,52,54,68,142
2026-03-02T00:29:49Z,31,45,47,68,124
2026-03-02T00:34:50Z,30,42,43,68,117
2026-03-02T00:39:50Z,23,32,34,80,93
2026-03-02T00:44:51Z,20,27,27,80,82
2026-03-02T00:49:52Z,18,25,25,80,78
2026-03-02T00:54:52Z,17,24,25,80,76
2026-03-02T00:59:53Z,17,23,23,80,74
2026-03-02T01:04:54Z,13,23,23,80,74
2026-03-02T01:09:55Z,10,20,20,80,68
2026-03-02T01:14:56Z,10,20,21,80,68
2026-03-02T01:19:58Z,11,22,22,80,72
2026-03-02T01:24:59Z,10,20,21,80,68
2026-03-02T01:30:00Z,11,20,21,80,68
2026-03-02T01:35:00Z,12,21,22,80,70
2026-03-02T01:40:01Z,12,21,23,80,70
2026-03-02T01:45:01Z,15,23,23,80,74
2026-03-02T01:50:02Z,13,20,21,80,68
2026-03-02T01:55:02Z,11,21,22,80,70
2026-03-02T02:00:03Z,15,23,23,80,74
2026-03-02T02:05:03Z,12,22,22,80,72
2026-03-02T02:10:04Z,12,21,22,80,70
2026-03-02T02:15:05Z,7,16,17,80,59
2026-03-02T02:20:07Z,6,17,17,80,61
2026-03-02T02:25:08Z,6,11,12,80,46
2026-03-02T02:30:08Z,5,9,10,80,38
2026-03-02T02:35:09Z,6,11,11,80,46
2026-03-02T02:40:09Z,7,14,15,80,55
2026-03-02T02:45:10Z,9,17,18,80,61
2026-03-02T02:50:11Z,9,14,16,80,55
2026-03-02T02:55:12Z,7,12,14,80,50
2026-03-02T03:00:12Z,9,18,20,80,63
2026-03-02T03:05:13Z,6,12,15,80,50
2026-03-02T03:10:13Z,9,17,17,80,61
2026-03-02T03:15:14Z,7,16,17,80,59
2026-03-02T03:20:14Z,7,14,16,80,55
2026-03-02T03:25:15Z,6,15,16,80,57
2026-03-02T03:30:15Z,5,12,14,80,50
2026-03-02T03:35:16Z,4,10,11,80,42
2026-03-02T03:40:16Z,9,17,21,65,61
2026-03-02T03:45:17Z,10,15,16,65,57
2026-03-02T03:50:18Z,7,15,15,65,57
2026-03-02T03:55:20Z,7,11,14,65,46
2026-03-02T04:00:21Z,6,17,17,65,61
2026-03-02T04:05:23Z,6,12,15,65,50
2026-03-02T04:10:24Z,7,12,15,65,50
2026-03-02T04:15:24Z,7,14,15,65,55
2026-03-02T04:20:25Z,7,12,12,65,50
2026-03-02T04:25:26Z,9,15,15,65,57
2026-03-02T04:30:28Z,6,14,15,65,55
2026-03-02T04:35:29Z,7,14,15,65,55
2026-03-02T04:40:29Z,10,15,15,65,57
2026-03-02T04:45:30Z,9,12,16,65,50
2026-03-02T04:50:30Z,7,14,15,65,55
2026-03-02T04:55:31Z,9,17,17,65,61
2026-03-02T05:00:31Z,9,17,18,65,61
2026-03-02T05:05:32Z,7,16,16,65,59
2026-03-02T05:10:33Z,7,18,18,65,63
2026-03-02T05:15:33Z,9,16,18,65,59
2026-03-02T05:20:34Z,9,16,17,65,59
2026-03-02T05:25:34Z,7,14,15,65,55
2026-03-02T05:30:35Z,9,14,16,65,55
2026-03-02T05:35:36Z,7,16,16,65,59
2026-03-02T05:40:37Z,7,16,16,65,59
2026-03-02T05:45:37Z,7,12,16,65,50
2026-03-02T05:50:38Z,7,12,14,65,50
2026-03-02T05:55:38Z,9,17,18,65,61
2026-03-02T06:00:39Z,6,16,16,65,59
2026-03-02T06:05:39Z,10,17,17,65,61
2026-03-02T06:10:40Z,7,14,15,65,55
2026-03-02T06:15:40Z,7,14,16,65,55
2026-03-02T06:20:41Z,7,16,17,65,59
2026-03-02T06:25:42Z,10,16,17,65,59
2026-03-02T06:30:44Z,9,16,17,65,59
2026-03-02T06:35:45Z,7,17,18,65,61
2026-03-02T06:40:45Z,10,18,18,65,63
2026-03-02T06:45:46Z,9,15,17,65,57
2026-03-02T06:50:46Z,9,16,16,65,59
2026-03-02T06:55:47Z,11,20,20,65,68
2026-03-02T07:00:47Z,11,18,20,65,63
2026-03-02T07:05:48Z,9,17,17,65,61
2026-03-02T07:10:48Z,10,17,18,65,61
2026-03-02T07:15:49Z,11,21,21,65,70
2026-03-02T07:20:49Z,10,17,17,65,61
2026-03-02T07:25:50Z,11,20,21,65,68
2026-03-02T07:30:51Z,10,20,21,65,68
2026-03-02T07:35:51Z,11,21,22,65,70
2026-03-02T07:40:52Z,14,21,22,65,70
2026-03-02T07:45:52Z,10,17,17,65,61
2026-03-02T07:50:53Z,12,21,21,65,70
2026-03-02T07:55:53Z,15,21,21,65,70
2026-03-02T08:00:54Z,14,21,21,65,70
2026-03-02T08:05:54Z,14,21,22,65,70
2026-03-02T08:10:55Z,16,21,21,65,70
2026-03-02T08:15:55Z,15,21,21,65,70
2026-03-02T08:20:56Z,15,22,22,65,72
2026-03-02T08:25:56Z,14,21,21,65,70
2026-03-02T08:30:57Z,14,21,22,65,70
2026-03-02T08:35:57Z,16,22,22,65,72
2026-03-02T08:40:58Z,16,22,22,65,72
2026-03-02T08:46:00Z,16,22,24,65,72
2026-03-02T08:51:01Z,17,22,22,65,72
2026-03-02T08:56:01Z,17,22,24,65,72
2026-03-02T09:01:02Z,18,22,22,65,72
2026-03-02T09:06:03Z,18,24,24,65,76
2026-03-02T09:11:03Z,20,24,25,65,76
2026-03-02T09:16:04Z,20,25,25,65,78
2026-03-02T09:21:06Z,18,27,27,65,82
2026-03-02T09:26:07Z,18,27,27,65,82
2026-03-02T09:31:07Z,20,25,25,65,78
2026-03-02T09:36:08Z,20,27,27,65,82
2026-03-02T09:41:08Z,20,28,29,65,84
2026-03-02T09:46:09Z,21,27,27,65,82
2026-03-02T09:51:09Z,21,29,29,65,87
2026-03-02T09:56:10Z,21,28,30,65,84
2026-03-02T10:01:11Z,21,28,29,65,84
2026-03-02T10:06:11Z,20,28,28,65,84
2026-03-02T10:11:12Z,21,25,27,65,78
2026-03-02T10:16:12Z,21,27,28,65,82
2026-03-02T10:21:13Z,21,29,29,65,87
2026-03-02T10:26:14Z,21,29,29,65,87
2026-03-02T10:31:14Z,21,29,30,65,87
2026-03-02T10:36:15Z,22,27,29,65,82
2026-03-02T10:41:15Z,22,29,31,65,87
2026-03-02T10:46:16Z,21,31,32,65,91
2026-03-02T10:51:16Z,21,30,30,65,89
2026-03-02T10:56:18Z,21,28,29,65,84
2026-03-02T11:01:19Z,20,27,29,65,82
2026-03-02T11:06:19Z,20,28,29,65,84
2026-03-02T11:11:20Z,21,30,31,65,89
2026-03-02T11:16:21Z,20,24,27,65,76
2026-03-02T11:21:22Z,17,23,23,65,74
2026-03-02T11:26:24Z,16,21,22,65,70
2026-03-02T11:31:25Z,12,21,21,65,70
2026-03-02T11:36:25Z,12,21,21,65,70
2026-03-02T11:41:28Z,11,21,21,65,70
2026-03-02T11:46:28Z,15,21,21,65,70
2026-03-02T11:51:29Z,14,20,20,65,68
2026-03-02T11:56:29Z,10,18,20,65,63
2026-03-02T12:01:30Z,12,21,21,65,70
2026-03-02T12:06:31Z,10,20,20,65,68
2026-03-02T12:11:31Z,10,20,20,65,68
2026-03-02T12:16:32Z,7,16,16,65,59
2026-03-02T12:21:32Z,9,18,18,65,63
2026-03-02T12:26:33Z,9,17,17,65,61
2026-03-02T12:31:34Z,10,18,18,65,63
2026-03-02T12:36:34Z,10,17,20,65,61
2026-03-02T12:41:35Z,10,20,21,65,68
2026-03-02T12:46:35Z,10,20,21,65,68
2026-03-02T12:51:36Z,11,18,20,65,63
2026-03-02T12:56:36Z,10,20,20,65,68
2026-03-02T13:01:37Z,10,18,21,65,63
2026-03-02T13:06:38Z,10,18,18,65,63
2026-03-02T13:11:38Z,7,16,18,65,59
2026-03-02T13:16:39Z,6,11,11,65,46
2026-03-02T13:21:39Z,6,10,10,65,42
2026-03-02T13:26:40Z,5,10,10,65,42
2026-03-02T13:31:40Z,6,10,10,65,42
2026-03-02T13:36:41Z,6,9,11,65,38
2026-03-02T13:41:41Z,7,10,10,65,42
2026-03-02T13:46:42Z,6,11,11,65,46
2026-03-02T13:51:43Z,5,10,11,65,42
2026-03-02T13:56:45Z,5,10,10,65,42
2026-03-02T14:01:46Z,4,7,9,65,29
2026-03-02T14:06:46Z,5,9,9,65,38
2026-03-02T14:11:47Z,4,6,9,65,25
2026-03-02T14:16:47Z,5,9,9,65,38
2026-03-02T14:21:48Z,4,9,10,65,38
2026-03-02T14:26:48Z,5,11,11,65,46
2026-03-02T14:31:49Z,10,18,21,65,63
2026-03-02T14:36:50Z,12,21,21,65,70
2026-03-02T14:41:52Z,11,21,22,65,70
2026-03-02T14:46:53Z,16,21,22,65,70
2026-03-02T14:51:53Z,9,18,18,65,63
2026-03-02T14:56:54Z,15,22,23,65,72
2026-03-02T15:01:54Z,16,21,22,65,70
2026-03-02T15:06:55Z,14,21,22,65,70
2026-03-02T15:11:55Z,11,22,22,65,72
2026-03-02T15:16:56Z,16,25,29,65,78
2026-03-02T15:21:58Z,11,21,21,65,70
2026-03-02T15:26:58Z,11,18,20,65,63
2026-03-02T15:31:59Z,11,17,17,65,61
2026-03-02T15:36:59Z,11,22,22,65,72
2026-03-02T15:42:00Z,12,20,21,65,68
2026-03-02T15:47:01Z,22,28,30,65,84
2026-03-02T15:52:01Z,17,22,22,65,72
2026-03-02T15:57:02Z,22,33,37,65,95
2026-03-02T16:02:02Z,20,29,31,65,87
2026-03-02T16:07:03Z,27,37,38,65,105
2026-03-02T16:12:03Z,20,32,33,65,93
2026-03-02T16:17:04Z,30,43,44,65,119
2026-03-02T16:22:04Z,27,39,42,65,110
2026-03-02T16:27:05Z,27,41,41,65,115
2026-03-02T16:32:05Z,29,44,45,65,122
2026-03-02T16:37:06Z,33,47,47,65,129
2026-03-02T16:42:06Z,32,46,47,65,127
2026-03-02T16:47:09Z,34,52,55,65,142
2026-03-02T16:52:09Z,33,44,45,65,122
2026-03-02T16:57:10Z,32,48,51,65,132
2026-03-02T17:02:11Z,30,44,45,65,122
2026-03-02T17:07:12Z,33,52,53,65,142
2026-03-02T17:12:13Z,35,49,52,65,134
2026-03-02T17:17:13Z,34,48,51,65,132
2026-03-02T17:22:14Z,33,44,45,65,122
2026-03-02T17:27:14Z,33,47,47,65,129
2026-03-02T17:32:15Z,33,47,49,65,129
2026-03-02T17:37:15Z,46,72,74,65,160
2026-03-02T17:42:16Z,31,44,44,65,122
2026-03-02T17:47:16Z,34,49,51,65,134
2026-03-02T17:52:19Z,33,52,53,65,142
2026-03-02T17:57:19Z,42,61,65,65,154
2026-03-02T18:02:20Z,38,55,55,65,149
2026-03-02T18:07:20Z,37,53,55,65,144
2026-03-02T18:12:21Z,32,45,46,65,124
2026-03-02T18:17:22Z,38,53,58,65,144
2026-03-02T18:22:22Z,30,46,46,65,127
2026-03-02T18:27:23Z,35,47,48,65,129
2026-03-02T18:32:23Z,32,48,49,65,132
2026-03-02T18:37:26Z,28,39,42,65,110
2026-03-02T18:42:26Z,25,34,35,65,97
2026-03-02T18:47:27Z,25,36,37,65,102
2026-03-02T18:52:27Z,28,40,41,65,112
2026-03-02T18:57:28Z,28,41,43,65,115
2026-03-02T19:02:28Z,28,38,39,65,107
2026-03-02T19:07:29Z,24,35,37,65,99
2026-03-02T19:12:29Z,24,34,34,65,97
2026-03-02T19:17:30Z,24,34,34,65,97
2026-03-02T19:22:30Z,24,34,34,65,97
2026-03-02T19:27:31Z,22,33,33,65,95
2026-03-02T19:32:33Z,23,33,33,65,95
2026-03-02T19:37:34Z,23,34,34,65,97
2026-03-02T19:42:34Z,23,33,33,65,95
2026-03-02T19:47:35Z,22,31,33,65,91
2026-03-02T19:52:35Z,21,25,28,65,78
2026-03-02T19:57:36Z,23,32,32,65,93
2026-03-02T20:02:36Z,22,28,31,65,84
2026-03-02T20:07:37Z,22,31,33,65,91
2026-03-02T20:12:37Z,20,30,30,65,89
2026-03-02T20:17:38Z,22,31,33,65,91
2026-03-02T20:22:38Z,23,33,33,65,95
2026-03-02T20:27:39Z,22,31,32,65,91
2026-03-02T20:32:40Z,22,29,29,65,87
2026-03-02T20:37:41Z,20,25,27,,78
2026-03-02T20:42:51Z,17,23,23,65,74
2026-03-02T20:47:51Z,18,23,24,65,74
2026-03-02T20:52:52Z,17,22,23,65,72
2026-03-02T20:57:52Z,16,23,24,65,74
2026-03-02T21:02:53Z,20,24,25,65,76
2026-03-02T21:07:53Z,20,24,24,65,76
2026-03-02T21:12:54Z,18,27,29,65,82
2026-03-02T21:17:55Z,18,25,25,65,78
2026-03-02T21:22:55Z,20,24,25,65,76
2026-03-02T21:27:56Z,20,27,29,65,82
2026-03-02T21:32:56Z,23,33,33,65,95
2026-03-02T21:37:57Z,23,34,34,65,97
2026-03-02T21:42:57Z,24,34,35,65,97
2026-03-02T21:47:58Z,29,39,39,65,110
2026-03-02T21:52:58Z,29,38,38,65,107
2026-03-02T21:57:59Z,25,35,38,65,99
2026-03-02T22:03:00Z,23,34,34,65,97
2026-03-02T22:08:00Z,23,32,33,65,93
2026-03-02T22:13:01Z,22,27,29,65,82
2026-03-02T22:18:01Z,22,31,32,65,91
2026-03-02T22:23:02Z,21,31,33,65,91
2026-03-02T22:28:02Z,23,29,30,65,87
2026-03-02T22:33:03Z,20,27,27,65,82
2026-03-02T22:38:04Z,20,27,27,65,82
2026-03-02T22:43:04Z,22,31,32,65,91
2026-03-02T22:48:05Z,20,29,30,65,87
2026-03-02T22:53:05Z,21,28,30,65,84
2026-03-02T22:58:06Z,22,29,29,65,87
2026-03-02T23:03:06Z,22,28,30,,84
2026-03-02T23:08:16Z,20,25,27,,78
2026-03-02T23:13:26Z,21,25,25,,78
2026-03-02T23:18:36Z,20,27,27,65,82
2026-03-02T23:23:37Z,21,27,28,65,82
2026-03-02T23:28:37Z,21,27,27,65,82
2026-03-02T23:33:38Z,20,27,27,65,82
2026-03-02T23:38:38Z,21,28,28,65,84
2026-03-02T23:43:39Z,20,28,28,65,84
2026-03-02T23:48:39Z,20,27,28,65,82
2026-03-02T23:53:40Z,20,27,28,65,82
2026-03-02T23:58:40Z,21,28,28,65,84
2026-03-03T00:03:41Z,21,28,28,65,84
2026-03-03T00:08:41Z,23,29,30,65,87
2026-03-03T00:13:42Z,23,31,32,65,91
2026-03-03T00:18:43Z,23,30,32,65,89
2026-03-03T00:23:43Z,22,29,32,65,87
2026-03-03T00:28:44Z,22,30,31,65,89
2026-03-03T00:33:44Z,21,29,29,65,87
2026-03-03T00:38:45Z,21,27,29,65,82
2026-03-03T00:43:45Z,22,29,32,65,87
2026-03-03T00:48:47Z,23,33,34,65,95
2026-03-03T00:53:47Z,22,28,29,,84
2026-03-03T00:58:57Z,22,30,31,65,89
2026-03-03T01:03:58Z,21,30,31,65,89
2026-03-03T01:08:58Z,25,39,41,65,110
2026-03-03T01:13:59Z,24,37,41,65,105
2026-03-03T01:18:59Z,25,34,34,65,97
2026-03-03T01:24:00Z,25,37,38,65,105
2026-03-03T01:29:01Z,29,39,42,65,110
2026-03-03T01:34:01Z,28,41,42,65,115
2026-03-03T01:39:02Z,33,45,48,65,124
2026-03-03T01:44:02Z,30,42,45,65,117
2026-03-03T01:49:03Z,28,41,42,65,115
2026-03-03T01:54:03Z,27,39,40,65,110
2026-03-03T01:59:04Z,25,37,40,65,105
2026-03-03T02:04:04Z,25,38,38,65,107
2026-03-03T02:09:05Z,28,40,42,65,112
2026-03-03T02:14:05Z,33,48,49,65,132
2026-03-03T02:19:06Z,34,45,46,65,124
2026-03-03T02:24:06Z,30,43,46,65,119
2026-03-03T02:29:08Z,28,39,42,65,110
2026-03-03T02:34:08Z,28,39,40,65,110
2026-03-03T02:39:09Z,22,32,34,65,93
2026-03-03T02:44:09Z,22,31,32,65,91
2026-03-03T02:49:10Z,22,29,31,65,87
2026-03-03T02:54:10Z,24,34,34,65,97
2026-03-03T02:59:11Z,23,34,34,65,97
2026-03-03T03:04:12Z,22,31,32,65,91
2026-03-03T03:09:13Z,22,30,32,65,89
2026-03-03T03:14:13Z,23,33,33,65,95
